arrival_ns,source_ns,delivered,px,py,pz,vx,vy,vz,ax,ay,az,qw,qx,qy,qz,wx,wy,wz
1790731893795394816,1790731893795394816,1,0.07667388767004013,0.11990609765052795,-7.8844895362854,0.06856029480695724,0.10730251669883728,0.14171642065048218,-0.18535451591014862,-0.28940674662590027,-0.3054962158203125,0.9952167868614197,-0.013334078714251518,0.010477709583938122,0.09620806574821472,0.013441076502203941,-0.012852035462856293,1.2971117939741816e-05
1790731893846395904,1790731893846395904,1,0.0799550712108612,0.12503141164779663,-7.876961708068848,0.06119632348418236,0.09450814127922058,0.1637873649597168,-0.05878802761435509,-0.20121251046657562,0.5222148895263672,0.9952965974807739,-0.010183705016970634,0.0034388843923807144,0.09627695381641388,0.13826511800289154,-0.49943220615386963,0.00020108302123844624
1790731893900397056,1790731893900397056,1,0.08325923979282379,0.12987421452999115,-7.867796897888184,0.06241345405578613,0.08536101132631302,0.16941624879837036,0.08968804031610489,-0.13720424473285675,-0.14833545684814453,0.9953126311302185,-0.00709645077586174,-0.004249392542988062,0.09635516256093979,0.09994467347860336,-0.2965712547302246,0.00029270609957166016
1790731893945398016,1790731893945398016,1,0.08619824051856995,0.1335957944393158,-7.860427379608154,0.06899853050708771,0.08041071146726608,0.1563861221075058,0.19441016018390656,-0.08635398745536804,-0.3516111373901367,0.995285153388977,-0.005021572578698397,-0.00939827598631382,0.09640508145093918,0.06903189420700073,-0.19649043679237366,0.0003131153935100883
1790731893996399104,1790731893996399104,1,0.09000962972640991,0.1376069337129593,-7.852948188781738,0.081204853951931,0.07729631662368774,0.13637901842594147,0.2800629734992981,-0.03844171762466431,-0.3880805969238281,0.9952389001846313,-0.0031051435507833958,-0.013701980002224445,0.09644810855388641,0.04943452402949333,-0.14721225202083588,0.0003015896654687822
1790731894050400256,1790731894050400256,1,0.09483659267425537,0.14174458384513855,-7.846168041229248,0.09814421832561493,0.07629343122243881,0.11471404135227203,0.3435502350330353,-0.00015411396452691406,-0.3721799850463867,0.9951891303062439,-0.0015611754497513175,-0.016949564218521118,0.09648239612579346,0.038482941687107086,-0.10636162012815475,0.00026959815295413136
1790731894095401216,1790731894095401216,1,0.099614717066288,0.1451861709356308,-7.841386318206787,0.11449819058179855,0.07684649527072906,0.0976661816239357,0.38102254271507263,0.024166475981473923,-0.36019325256347656,0.9951532483100891,-0.0005617514834739268,-0.01888446882367134,0.09650474041700363,0.03353554755449295,-0.08471418172121048,0.00023785220400895923
1790731894146402304,1790731894146402304,1,0.10596469789743423,0.14914695918560028,-7.8368635177612305,0.13477516174316406,0.07865903526544571,0.07996124029159546,0.4111403226852417,0.045906610786914825,-0.31317710876464844,0.9951190948486328,0.00034555417369119823,-0.020513057708740234,0.09652522206306458,0.026736825704574585,-0.05569162219762802,0.00020249647786840796
1790731894197403392,1790731894197403392,1,0.11338261514902115,0.15322589874267578,-7.833188056945801,0.15628701448440552,0.08143661916255951,0.0642971321940422,0.4306725263595581,0.06244488060474396,-0.27978515625,0.9950940012931824,0.0010586638236418366,-0.0215985719114542,0.0965418815612793,0.021936286240816116,-0.03842823579907417,0.0001696397812338546
1790731894245404416,1790731894245404416,1,0.12138596177101135,0.1572118103504181,-7.8304243087768555,0.1772715300321579,0.08473462611436844,0.05100315064191818,0.4421434998512268,0.07455774396657944,-0.25170230865478516,0.9950773119926453,0.0015981490723788738,-0.022266151383519173,0.09655506163835526,0.018523959442973137,-0.025416919961571693,0.00014227039355318993
1790731894296405504,1790731894296405504,1,0.13100530207157135,0.16163481771945953,-7.828143119812012,0.19999906420707703,0.08879576623439789,0.03860781714320183,0.44795936346054077,0.08435814082622528,-0.22097015380859375,0.9950665831565857,0.0020545257721096277,-0.02265441045165062,0.09656695276498795,0.015432581305503845,-0.013341521844267845,0.00011702952906489372
1790731894347406592,1790731894347406592,1,0.14178939163684845,0.16627667844295502,-7.826458930969238,0.2229088395833969,0.09329767525196075,0.02756408415734768,0.4494430124759674,0.09194349497556686,-0.1958751678466797,0.9950611591339111,0.0024242752697318792,-0.02281038835644722,0.0965772345662117,0.01280222274363041,-0.00357205793261528,9.570076508680359e-05
1790731894395407616,1790731894395407616,1,0.15300633013248444,0.17086300253868103,-7.825357913970947,0.2444337159395218,0.09783684462308884,0.01839452050626278,0.44697949290275574,0.09715340286493301,-0.17769432067871094,0.9950609803199768,0.0026980398688465357,-0.022750981152057648,0.09658577293157578,0.011871100403368473,0.000904515094589442,7.876343443058431e-05
1790731894455408896,1790731894455408896,1,0.16847418248653412,0.176911398768425,-7.824563026428223,0.2710845172405243,0.10382013022899628,0.008315570652484894,0.4405374825000763,0.10203424096107483,-0.15047168731689453,0.995064914226532,0.0029737032018601894,-0.022503560408949852,0.09659528732299805,0.008305439725518227,0.012509186752140522,6.14321616012603e-05
1790731894497409792,1790731894497409792,1,0.18024660646915436,0.18136250972747803,-7.82434606552124,0.2894477844238281,0.10814854502677917,0.0020165813621133566,0.43396735191345215,0.10431192070245743,-0.14279747009277344,0.9950703978538513,0.003124637994915247,-0.022211089730262756,0.09660132229328156,0.009917380288243294,0.00965747982263565,5.1428705774014816e-05
1790731894545410816,1790731894545410816,1,0.19463752210140228,0.18667495250701904,-7.824408531188965,0.31009238958358765,0.11321502178907394,-0.00449770363047719,0.42558714747428894,0.10651489347219467,-0.12574386596679688,0.9950776100158691,0.0032766987569630146,-0.021833881735801697,0.0966077595949173,0.007613011635839939,0.017441391944885254,4.186508522252552e-05
1790731894596411904,1790731894596411904,1,0.21100136637687683,0.19258815050125122,-7.824794769287109,0.33151814341545105,0.11868080496788025,-0.010577501729130745,0.41460928320884705,0.107856385409832,-0.11163616180419922,0.9950876832008362,0.0034006847999989986,-0.021322697401046753,0.09661412239074707,0.006575305946171284,0.020237956196069717,3.3473414077889174e-05
1790731894650413056,1790731894650413056,1,0.22950202226638794,0.19915461540222168,-7.825523376464844,0.35355880856513977,0.1245226189494133,-0.01626114547252655,0.40173041820526123,0.1086101084947586,-0.09899520874023438,0.9950997233390808,0.003503567073494196,-0.020707637071609497,0.09662039577960968,0.005153716541826725,0.02405395917594433,2.627115281939041e-05
1790731894695414016,1790731894695414016,1,0.2458152025938034,0.2048681080341339,-7.826351165771484,0.37136366963386536,0.12940341234207153,-0.02044704556465149,0.38979607820510864,0.10857219249010086,-0.08881759643554688,0.995110809803009,0.003565321210771799,-0.020134052261710167,0.09662528336048126,0.006087902467697859,0.02389576844871044,2.1385429135989398e-05
1790731894752415232,1790731894752415232,1,0.26760831475257874,0.2124205231666565,-7.8276519775390625,0.393139123916626,0.13558320701122284,-0.025147782638669014,0.37415069341659546,0.10823903977870941,-0.07977771759033203,0.9951252341270447,0.003624641802161932,-0.019363686442375183,0.09663113951683044,0.003719132859259844,0.028724154457449913,1.635986154724378e-05
1790731894794416128,1790731894794416128,1,0.28444668650627136,0.21821025013923645,-7.828774452209473,0.4085809886455536,0.14010308682918549,-0.02820359542965889,0.3613482415676117,0.10721877962350845,-0.06870460510253906,0.9951367378234863,0.0036430880427360535,-0.018741795793175697,0.09663515537977219,0.00553680257871747,0.027622532099485397,1.3396425856626593e-05
1790731894845417216,1790731894845417216,1,0.30574819445610046,0.22549475729465485,-7.830297946929932,0.4266216456890106,0.14554834365844727,-0.03147384896874428,0.3460305333137512,0.10619569569826126,-0.06362724304199219,0.9951503276824951,0.003665906609967351,-0.017976392060518265,0.09663999825716019,0.0037561003118753433,0.030701754614710808,1.0394132914370857e-05
1790731894902418432,1790731894902418432,1,0.3306185305118561,0.23396268486976624,-7.832189083099365,0.4458245038986206,0.1515447199344635,-0.03476539999246597,0.32784005999565125,0.1043463945388794,-0.056095123291015625,0.9951658248901367,0.003664405085146427,-0.01706894114613533,0.0966450497508049,0.003203597152605653,0.03181140869855881,7.77531931817066e-06
1790731894947419392,1790731894947419392,1,0.35100796818733215,0.2408873438835144,-7.833804607391357,0.4602396488189697,0.1561960130929947,-0.03692493960261345,0.312944233417511,0.10255642235279083,-0.04604625701904297,0.9951778650283813,0.00365235423669219,-0.016329441219568253,0.09664885699748993,0.004065845161676407,0.03259415552020073,6.134850991657004e-06
1790731894995420416,1790731894995420416,1,0.37345442175865173,0.24850240349769592,-7.835626602172852,0.4748772382736206,0.16107508540153503,-0.03892555087804794,0.297009140253067,0.10070145130157471,-0.043061256408691406,0.995190441608429,0.0036366204731166363,-0.015524197369813919,0.09665294736623764,0.0029646994080394506,0.03392176702618599,4.68003963760566e-06
1790731895046421504,1790731895046421504,1,0.3980524241924286,0.25684741139411926,-7.837662220001221,0.4895791709423065,0.16615141928195953,-0.040830377489328384,0.279642254114151,0.09845516830682755,-0.03942584991455078,0.99520343542099,0.003609233535826206,-0.014645975083112717,0.09665708988904953,0.002272833837196231,0.03476208075881004,3.4546389997558435e-06
1790731895094422528,1790731895094422528,1,0.4218684136867523,0.26493534445762634,-7.839660167694092,0.5025968551635742,0.17081619799137115,-0.042335394769907,0.26290035247802734,0.09609197080135345,-0.03424549102783203,0.9952152967453003,0.0035741087049245834,-0.013799579814076424,0.0966608002781868,0.002136890310794115,0.03564215451478958,2.549595365053392e-06
1790731895145423616,1790731895145423616,1,0.4478355944156647,0.27377092838287354,-7.841858386993408,0.5155462026596069,0.17564301192760468,-0.04378385841846466,0.24496309459209442,0.09334211051464081,-0.031340599060058594,0.9952273368835449,0.003524147206917405,-0.012887406162917614,0.09666457772254944,0.0017811305588111281,0.03627289459109306,1.814216830098303e-06
1790731895196424704,1790731895196424704,1,0.4744397699832916,0.282848984003067,-7.844125747680664,0.5275750756263733,0.18032357096672058,-0.04502024129033089,0.22677302360534668,0.09037011116743088,-0.027162551879882812,0.9952387809753418,0.0034647707361727953,-0.011961905285716057,0.09666822850704193,0.0015614096773788333,0.03699753060936928,1.271045903195045e-06
1790731895244425728,1790731895244425728,1,0.5000184774398804,0.2916076183319092,-7.846311092376709,0.5380410552024841,0.18458698689937592,-0.04592842608690262,0.20935799181461334,0.08742782473564148,-0.023222923278808594,0.9952489733695984,0.0034028782974928617,-0.011074207723140717,0.09667155146598816,0.0013556107878684998,0.037684425711631775,8.732389460419654e-07
1790731895295426816,1790731895295426816,1,0.527723491191864,0.30113402009010315,-7.8486785888671875,0.5482473969459534,0.18895941972732544,-0.04682697728276253,0.1908629834651947,0.08415195345878601,-0.021759033203125,0.9952589869499207,0.0033283261582255363,-0.010127527639269829,0.09667491912841797,0.0009495627600699663,0.03792005404829979,5.897134087717859e-07
1790731895346427904,1790731895346427904,1,0.5559248924255371,0.3108789920806885,-7.851085662841797,0.5575032234191895,0.19316013157367706,-0.047522932291030884,0.17207252979278564,0.08073131740093231,-0.019681930541992188,0.9952682256698608,0.0032479644287377596,-0.009165380150079727,0.0966782197356224,0.00046528299571946263,0.03792969509959221,3.799614205490798e-07
1790731895400429056,1790731895400429056,1,0.586272120475769,0.3214256763458252,-7.853670120239258,0.5662609338760376,0.19741348922252655,-0.048163361847400665,0.15214571356773376,0.07696331292390823,-0.019196510314941406,0.9952771067619324,0.0031549211125820875,-0.008142855949699879,0.09668158739805222,-0.00015310617163777351,0.03740455210208893,2.4243706775450846e-07
1790731895445430016,1790731895445430016,1,0.6119029521942139,0.3303862512111664,-7.855849266052246,0.5727425217628479,0.20079810917377472,-0.04855742305517197,0.13563014566898346,0.07362888008356094,-0.011752128601074219,0.9952836632728577,0.0030707172118127346,-0.007294098846614361,0.09668422490358353,0.0006826920434832573,0.04044945165514946,1.9883489699168422e-07
1790731895496431104,1790731895496431104,1,0.6412817239761353,0.34072133898735046,-7.858342170715332,0.5791897177696228,0.20445513725280762,-0.04908449202775955,0.11725777387619019,0.06980721652507782,-0.011799812316894531,0.995290219783783,0.0029673774261027575,-0.006348481401801109,0.09668704867362976,0.0003837635740637779,0.03971157968044281,2.2168427449287265e-07
1790731895544432128,1790731895544432128,1,0.6692116856575012,0.35061442852020264,-7.860705852508545,0.5843842029571533,0.20771609246730804,-0.049275632947683334,0.09911220520734787,0.0661107748746872,-0.009897232055664062,0.9952957630157471,0.0028693326748907566,-0.0054145981557667255,0.09668973833322525,-0.00022964365780353546,0.039225079119205475,2.247195283189285e-07
1790731895604433408,1790731895604433408,1,0.7044410705566406,0.36319392919540405,-7.863678455352783,0.5896854400634766,0.21154190599918365,-0.049696169793605804,0.07725628465414047,0.06146079674363136,-0.014135360717773438,0.9953013062477112,0.002739465096965432,-0.004288086201995611,0.09669282287359238,-0.0011012002360075712,0.03664296865463257,2.924508351043187e-07
1790731895649434368,1790731895649434368,1,0.7310505509376526,0.37277451157569885,-7.865921974182129,0.5928184986114502,0.21422389149665833,-0.04983213543891907,0.061314720660448074,0.05781453847885132,-0.0025424957275390625,0.995304524898529,0.0026372813154011965,-0.0034588295966386795,0.09669496864080429,7.585455023217946e-05,0.04303085058927536,3.6466394703893457e-07
1790731895697435392,1790731895697435392,1,0.7595699429512024,0.3831225633621216,-7.868313312530518,0.5953167676925659,0.216902494430542,-0.049783095717430115,0.0429573580622673,0.05384237319231033,-0.006657600402832031,0.995307445526123,0.002524625975638628,-0.0025141483638435602,0.0966973751783371,-0.0007290497305803001,0.03901996463537216,4.405643494465039e-07
1790731895745436416,1790731895745436416,1,0.788188636302948,0.3935946226119995,-7.870704174041748,0.5969592928886414,0.21939103305339813,-0.04981018975377083,0.02509338967502117,0.04978616163134575,-0.0067691802978515625,0.9953094720840454,0.0024101168382912874,-0.0015879804268479347,0.09669968485832214,-0.0010225980076938868,0.03941487520933151,5.261101136966317e-07
1790731895799437568,1790731895799437568,1,0.8204523921012878,0.40551236271858215,-7.8733954429626465,0.5977887511253357,0.22195599973201752,-0.049882180988788605,0.0052110012620687485,0.04524446278810501,-0.00963592529296875,0.9953106641769409,0.0022769675124436617,-0.0005618715658783913,0.09670214354991913,-0.0015515347477048635,0.036545950919389725,6.384154289662547e-07
1790731895844438528,1790731895844438528,1,0.8473538160324097,0.41554516553878784,-7.875644683837891,0.5976925492286682,0.22390703856945038,-0.04994278773665428,-0.010197990573942661,0.04146772623062134,-0.0018358230590820312,0.9953108429908752,0.0021635033190250397,0.00024603636120446026,0.09670398384332657,-0.0008478311938233674,0.042304184287786484,7.445139544870472e-07
1790731895895439616,1790731895895439616,1,0.8778154253959656,0.42701664566993713,-7.878193378448486,0.5967060923576355,0.22590979933738708,-0.04996152222156525,-0.028372405096888542,0.03710376098752022,-0.004473686218261719,0.9953102469444275,0.002031113486737013,0.0011844978434965014,0.09670598804950714,-0.0012643218506127596,0.038913242518901825,8.700696980667999e-07
1790731895946440704,1790731895946440704,1,0.9082034826278687,0.43858465552330017,-7.880740642547607,0.5947973132133484,0.2276889681816101,-0.04986095800995827,-0.0469781719148159,0.032639916986227036,-0.005000114440917969,0.9953086972236633,0.0018959726439788938,0.0021486931946128607,0.09670800715684891,-0.0016903307987377048,0.03721502795815468,9.789023351913784e-07
1790731896003441920,1790731896003441920,1,0.9420213103294373,0.4516136348247528,-7.8835835456848145,0.5915817618370056,0.22941136360168457,-0.04986242577433586,-0.06678114086389542,0.027726732194423676,-0.006848335266113281,0.9953060150146484,0.0017438773065805435,0.003174724755808711,0.09671007096767426,-0.0020637819543480873,0.034935444593429565,1.1035679108317709e-06
1790731896045442816,1790731896045442816,1,0.966805636882782,0.46127256751060486,-7.885679721832275,0.5885147452354431,0.2305026799440384,-0.049799852073192596,-0.0800243690609932,0.024190446361899376,0.0031118392944335938,0.9953035712242126,0.0016313940286636353,0.003880026750266552,0.09671144932508469,-0.0013271154602989554,0.04340730234980583,1.1904296570719453e-06
1790731896096443904,1790731896096443904,1,0.9967079758644104,0.47305792570114136,-7.88821268081665,0.5839406847953796,0.23161618411540985,-0.04959583654999733,-0.09897345304489136,0.019531559199094772,-0.0043487548828125,0.9952993988990784,0.0014873470645397902,0.004850495140999556,0.09671322256326675,-0.0020438521169126034,0.034625500440597534,1.299120071962534e-06
1790731896144444928,1790731896144444928,1,1.0246180295944214,0.4841967225074768,-7.890590667724609,0.5788220763206482,0.23245550692081451,-0.049486350268125534,-0.11535503715276718,0.015309601090848446,-0.0024471282958984375,0.9952948689460754,0.001353625557385385,0.0057104905135929585,0.09671473503112793,-0.0020795052405446768,0.03786049038171768,1.3840488009009277e-06
1790731896195446016,1790731896195446016,1,1.0539814233779907,0.4960702955722809,-7.8931145668029785,0.572528600692749,0.23312503099441528,-0.04941962659358978,-0.13211987912654877,0.01087872963398695,-0.0029668807983398438,0.9952895045280457,0.0012113865232095122,0.006583262234926224,0.0967162474989891,-0.0021492461673915386,0.03690949082374573,1.458729798287095e-06
1790731896249447168,1790731896249447168,1,1.0846978425979614,0.5086730718612671,-7.89578104019165,0.5649433135986328,0.23358821868896484,-0.04933386296033859,-0.14967648684978485,0.006176120601594448,-0.0032854080200195312,0.9952830672264099,0.0010592545149847865,0.007496602367609739,0.09671778976917267,-0.002321290085092187,0.03473277390003204,1.5472919585590716e-06
1790731896294448128,1790731896294448128,1,1.1099648475646973,0.519189715385437,-7.897999286651611,0.5579094290733337,0.2337811142206192,-0.0491643100976944,-0.16393938660621643,0.00226607290096581,0.0009202957153320312,0.9952771663665771,0.0009310366003774107,0.008251799270510674,0.09671900421380997,-0.002191153820604086,0.03933160379528999,1.6171458128155791e-06
1790731896345449216,1790731896345449216,1,1.1381983757019043,0.5311137437820435,-7.900503158569336,0.5491331815719604,0.23378290235996246,-0.04903202876448631,-0.1804356873035431,-0.0022211153991520405,-0.0019779205322265625,0.9952697157859802,0.000784600677434355,0.009104510769248009,0.09672032296657562,-0.0024173001293092966,0.03459605947136879,1.681744038251054e-06
1790731896396450304,1790731896396450304,1,1.1659637689590454,0.5430322289466858,-7.903001308441162,0.5395402908325195,0.23355887830257416,-0.04887497425079346,-0.19670838117599487,-0.006708897650241852,-0.0019178390502929688,0.9952614903450012,0.0006369032198563218,0.009954054839909077,0.09672161936759949,-0.0025580772198736668,0.03327629715204239,1.7523493625049014e-06
1790731896447451392,1790731896447451392,1,1.1932193040847778,0.5549335479736328,-7.90549373626709,0.5291538238525391,0.23311175405979156,-0.04875529557466507,-0.21174417436122894,-0.011010482907295227,-0.0006341934204101562,0.9952532649040222,0.0004923720262013376,0.010745474137365818,0.0967227891087532,-0.0025852371472865343,0.03495639190077782,1.7960014702111948e-06
1790731896495452416,1790731896495452416,1,1.2183703184127808,0.5661090612411499,-7.907832622528076,0.5186738967895508,0.23248934745788574,-0.04860081151127815,-0.22562828660011292,-0.015041421167552471,0.0011987686157226562,0.9952450394630432,0.00035595978260971606,0.01147682685405016,0.09672386199235916,-0.002615429926663637,0.036219701170921326,1.836492856455152e-06
1790731896549453568,1790731896549453568,1,1.2460428476333618,0.5786396861076355,-7.910455226898193,0.5060819983482361,0.23155684769153595,-0.04845406115055084,-0.24115827679634094,-0.019572380930185318,-0.000152587890625,0.9952353239059448,0.00020266087085474283,0.012284459546208382,0.09672505408525467,-0.002726661739870906,0.03248948976397514,1.8797629763867008e-06
1790731896594454528,1790731896594454528,1,1.268568992614746,0.5890388488769531,-7.91263484954834,0.494981974363327,0.2305985987186432,-0.048306435346603394,-0.2525826692581177,-0.023096954450011253,0.0046024322509765625,0.9952275156974792,7.925190584501252e-05,0.012897585518658161,0.0967259630560875,-0.0027862058486789465,0.03760712221264839,1.8750340586848324e-06
1790731896645455616,1790731896645455616,1,1.2934781312942505,0.6007677316665649,-7.9150919914245605,0.48169785737991333,0.22930492460727692,-0.04805091395974159,-0.2682114243507385,-0.027608102187514305,0.0008916854858398438,0.9952166676521301,-7.207234011730179e-05,0.01370230969041586,0.09672696888446808,-0.0028696488589048386,0.030328800901770592,1.941758455359377e-06
1790731896696456704,1790731896696456704,1,1.3176907300949097,0.6124248504638672,-7.917536735534668,0.4676746129989624,0.22779133915901184,-0.047824978828430176,-0.28288397192955017,-0.03197208419442177,0.0005674362182617188,0.9952055811882019,-0.00022150640143081546,0.014472001232206821,0.09672794491052628,-0.0029170026537030935,0.02981008216738701,1.9801154849119484e-06
1790731896744457728,1790731896744457728,1,1.3398094177246094,0.6233207583427429,-7.91982889175415,0.45381611585617065,0.22616766393184662,-0.047619108110666275,-0.2957741618156433,-0.03592560440301895,0.001743316650390625,0.9951953887939453,-0.0003593219444155693,0.015154794789850712,0.09672881662845612,-0.0029952239710837603,0.032243240624666214,2.002194833039539e-06
1790731896795458816,1790731896795458816,1,1.3625643253326416,0.6348070502281189,-7.92225456237793,0.43841519951820374,0.22423474490642548,-0.04742613062262535,-0.3088808059692383,-0.04002545773983002,0.001735687255859375,0.9951845407485962,-0.0005027693114243448,0.015840934589505196,0.09672974795103073,-0.0030409672763198614,0.02998506650328636,1.993470959860133e-06
1790731896846459904,1790731896846459904,1,1.3845174312591553,0.6461895704269409,-7.9246673583984375,0.4223654568195343,0.22209617495536804,-0.04720247536897659,-0.321461021900177,-0.04404444620013237,0.00269317626953125,0.9951735734939575,-0.0006451020599342883,0.016504717990756035,0.09673064202070236,-0.0031020878814160824,0.029675904661417007,1.9973931557615288e-06
1790731896894460928,1790731896894460928,1,1.4044169187545776,0.6567983031272888,-7.9269280433654785,0.4066663384437561,0.21989411115646362,-0.04694187268614769,-0.333558052778244,-0.047904063016176224,0.0032701492309570312,0.9951626062393188,-0.0007817086298018694,0.01714230142533779,0.09673145413398743,-0.0031725806184113026,0.029458841308951378,2.006788690778194e-06
1790731896945462016,1790731896945462016,1,1.4247184991836548,0.6679491996765137,-7.929315567016602,0.3893513083457947,0.21735116839408875,-0.04667873680591583,-0.3462282419204712,-0.05199066922068596,0.0026121139526367188,0.9951508045196533,-0.0009262514067813754,0.017802944406867027,0.09673231095075607,-0.0031293826177716255,0.025539778172969818,2.0102404505450977e-06
1790731897002463232,1790731897002463232,1,1.4463433027267456,0.6802518367767334,-7.931968688964844,0.36927345395088196,0.2142699658870697,-0.04638933762907982,-0.3594648838043213,-0.05639263987541199,0.0022258758544921875,0.9951379299163818,-0.0010835115099325776,0.01849137805402279,0.09673327207565308,-0.002948950044810772,0.019246384501457214,1.994310196096194e-06
1790731897047464192,1790731897047464192,1,1.462594985961914,0.689836323261261,-7.934052467346191,0.3529563844203949,0.21167482435703278,-0.04612449184060097,-0.3674025535583496,-0.05934877321124077,0.006869316101074219,0.9951293468475342,-0.001197992474772036,0.018940890207886696,0.09673411399126053,-0.003551337169483304,0.033080779016017914,1.92430798051646e-06
1790731897095465216,1790731897095465216,1,1.479109287261963,0.6999270915985107,-7.936258316040039,0.3350368142127991,0.20873281359672546,-0.04578759893774986,-0.37900015711784363,-0.06319110095500946,0.0049304962158203125,0.9951176047325134,-0.0013342025922611356,0.01953502930700779,0.09673486649990082,-0.0033512955997139215,0.023960059508681297,1.9388194232305977e-06
1790731897143466240,1790731897143466240,1,1.4947513341903687,0.7098722457885742,-7.938448905944824,0.3166186809539795,0.20561812818050385,-0.04547138884663582,-0.3893185257911682,-0.06679642200469971,0.0053768157958984375,0.9951064586639404,-0.0014667189680039883,0.02008202113211155,0.09673568606376648,-0.00334578356705606,0.024219993501901627,1.929385234689107e-06
1790731897206467584,1790731897206467584,1,1.5139188766479492,0.7226911783218384,-7.9413018226623535,0.2917364835739136,0.20127694308757782,-0.045065559446811676,-0.40129950642585754,-0.07119691371917725,0.004759788513183594,0.9950935244560242,-0.0016285695601254702,0.020696936175227165,0.09673682600259781,-0.002773876301944256,0.011653942987322807,1.85520570994413e-06
1790731897245468416,1790731897245468416,1,1.5249907970428467,0.7304866313934326,-7.943053722381592,0.27601972222328186,0.19846566021442413,-0.04473992437124252,-0.4064541459083557,-0.07343271374702454,0.00984954833984375,0.9950865507125854,-0.0017226061318069696,0.021013960242271423,0.09673759341239929,-0.004071280360221863,0.03349771723151207,1.7894351458380697e-06
1790731897293469440,1790731897293469440,1,1.5377670526504517,0.7399270534515381,-7.945190906524658,0.25624555349349976,0.19484928250312805,-0.04433896020054817,-0.41616392135620117,-0.07694373279809952,0.0076770782470703125,0.9950758218765259,-0.0018502090824767947,0.02150384895503521,0.09673844277858734,-0.0036195944994688034,0.020790232345461845,1.7768334146239795e-06
1790731897347470592,1790731897347470592,1,1.5509934425354004,0.7503352165222168,-7.947572708129883,0.23352381587028503,0.19059601426124573,-0.04387955367565155,-0.42604100704193115,-0.08073506504297256,0.007718086242675781,0.9950640201568604,-0.001993392128497362,0.022023523226380348,0.09673944115638733,-0.0032858625054359436,0.01706795021891594,1.758614075697551e-06
1790731897395471616,1790731897395471616,1,1.5617098808288574,0.7593899369239807,-7.949669361114502,0.2129218876361847,0.1866540163755417,-0.04344146326184273,-0.4338668882846832,-0.08391359448432922,0.008973121643066406,0.9950542449951172,-0.0021179404575377703,0.022450264543294907,0.09674040228128433,-0.0036271275021135807,0.022471176460385323,1.7303727872786112e-06
1790731897443472640,1790731897443472640,1,1.5714279413223267,0.7682515978813171,-7.951744556427002,0.1919187754392624,0.1825534552335739,-0.04299894720315933,-0.44180166721343994,-0.08712224662303925,0.009103775024414062,0.9950443506240845,-0.002241565380245447,0.02286778762936592,0.09674137085676193,-0.0036863379646092653,0.020056864246726036,1.702876147646748e-06
1790731897494473728,1790731897494473728,1,1.5806384086608887,0.7774474024772644,-7.953925609588623,0.16921676695346832,0.17803435027599335,-0.04250728338956833,-0.44912850856781006,-0.09030131995677948,0.010025978088378906,0.9950348734855652,-0.002366900909692049,0.02325744926929474,0.09674247354269028,-0.003654672298580408,0.01815473660826683,1.6362560018023942e-06
1790731897542474752,1790731897542474752,1,1.588241696357727,0.7858882546424866,-7.955954074859619,0.14752967655658722,0.17363770306110382,-0.042002737522125244,-0.4552275240421295,-0.09312254935503006,0.011156082153320312,0.995026707649231,-0.002481182338669896,0.023588724434375763,0.09674358367919922,-0.003959101624786854,0.020325807854533195,1.5698775541750365e-06
1790731897596475904,1790731897596475904,1,1.5955413579940796,0.7951275706291199,-7.958206653594971,0.12276018410921097,0.16852277517318726,-0.041404370218515396,-0.4625433087348938,-0.09645837545394897,0.011343002319335938,0.9950170516967773,-0.00261312210932374,0.02397005259990692,0.0967448279261589,-0.0035141787957400084,0.013844011351466179,1.5255690186677384e-06
1790731897644476928,1790731897644476928,1,1.600899577140808,0.803104817867279,-7.960180759429932,0.1004471555352211,0.16383354365825653,-0.04084555804729462,-0.46840062737464905,-0.09930285066366196,0.012094497680664062,0.9950089454650879,-0.0027301134541630745,0.024290727451443672,0.09674602746963501,-0.0039028534665703773,0.017795570194721222,1.4826522374278284e-06
1790731897695478016,1790731897695478016,1,1.6054108142852783,0.811330258846283,-7.962248802185059,0.07642907649278641,0.1587006002664566,-0.04023648798465729,-0.4740135073661804,-0.10219340771436691,0.012757301330566406,0.9950011968612671,-0.0028489844407886267,0.024588732048869133,0.09674733877182007,-0.0038675887044519186,0.015091180801391602,1.420859348399972e-06
1790731897749479168,1790731897749479168,1,1.6088443994522095,0.8197499513626099,-7.9644036293029785,0.05068710818886757,0.15310342609882355,-0.039559703320264816,-0.4801607131958008,-0.10536820441484451,0.013070106506347656,0.9949925541877747,-0.002978698583319783,0.024912578985095024,0.09674879908561707,-0.003356739180162549,0.009437380358576775,1.3688140825252049e-06
1790731897794480128,1790731897794480128,1,1.6106384992599487,0.8265323638916016,-7.9661712646484375,0.02903898060321808,0.14832372963428497,-0.03896395117044449,-0.4830518066883087,-0.10743885487318039,0.014471054077148438,0.9949877858161926,-0.0030730038415640593,0.0250858161598444,0.0967501625418663,-0.004595632664859295,0.01905272714793682,1.2820088386433781e-06
1790731897842481152,1790731897842481152,1,1.611473560333252,0.833527147769928,-7.9680256843566895,0.005712119396775961,0.14309540390968323,-0.03832094743847847,-0.4885743260383606,-0.11033669859170914,0.013967514038085938,0.9949801564216614,-0.003190428949892521,0.025366565212607384,0.09675149619579315,-0.003920708782970905,0.010697550140321255,1.2611056945388555e-06
1790731897893482240,1790731897893482240,1,1.6111284494400024,0.840680718421936,-7.969962120056152,-0.01928265020251274,0.1374080777168274,-0.037604011595249176,-0.49236157536506653,-0.11294177919626236,0.015233039855957031,0.9949743151664734,-0.0033043893054127693,0.025574777275323868,0.09675315767526627,-0.003857043571770191,0.010494440793991089,1.1927193099836586e-06
1790731897944483328,1790731897944483328,1,1.6095036268234253,0.8475409150123596,-7.971860408782959,-0.044450897723436356,0.13159357011318207,-0.03684375435113907,-0.49544358253479004,-0.11538991332054138,0.016121864318847656,0.9949693083763123,-0.0034141335636377335,0.0257456935942173,0.09675489366054535,-0.004047071095556021,0.010762298479676247,1.1216017128390376e-06
1790731897992484352,1790731897992484352,1,1.6067980527877808,0.8537237644195557,-7.973611354827881,-0.0682951956987381,0.12600259482860565,-0.03611757606267929,-0.4986465275287628,-0.11781161278486252,0.01620960235595703,0.9949643611907959,-0.0035214535892009735,0.02591918595135212,0.09675656259059906,-0.0042241946794092655,0.010249240323901176,1.07594291876012e-06
1790731898043485440,1790731898043485440,1,1.6026655435562134,0.8599957823753357,-7.975432872772217,-0.09377577155828476,0.11993957310914993,-0.03531523793935776,-0.5010665059089661,-0.12016831338405609,0.017127037048339844,0.9949602484703064,-0.003629077924415469,0.02605265937745571,0.09675846993923187,-0.004129474516957998,0.008094964548945427,9.973730357160093e-07
1790731898094486528,1790731898094486528,1,1.5972306728363037,0.865955650806427,-7.977212429046631,-0.11937763541936874,0.11375534534454346,-0.03449063003063202,-0.5035813450813293,-0.12262081354856491,0.01748371124267578,0.9949560761451721,-0.003740682965144515,0.026189766824245453,0.09676048904657364,-0.0038857196923345327,0.005656490568071604,9.311916642218421e-07
1790731898142487552,1790731898142487552,1,1.590919852256775,0.8712741136550903,-7.978849411010742,-0.14356419444084167,0.10782746970653534,-0.03369724005460739,-0.5050289630889893,-0.12472148984670639,0.01794910430908203,0.9949530363082886,-0.0038417831528931856,0.026281721889972687,0.09676248580217361,-0.004339682403951883,0.007491828873753548,8.592631957071717e-07
1790731898193488640,1790731898193488640,1,1.5829408168792725,0.8766104578971863,-7.980545520782471,-0.1693316400051117,0.10141962766647339,-0.03281516954302788,-0.5058687329292297,-0.1267915815114975,0.01887989044189453,0.994951069355011,-0.003942962735891342,0.026335619390010834,0.09676473587751389,-0.00427850428968668,0.00515061616897583,7.753015438538569e-07
1790731898244489728,1790731898244489728,1,1.573646903038025,0.8816173672676086,-7.982195854187012,-0.19512294232845306,0.09491033852100372,-0.03189540654420853,-0.506161630153656,-0.1287657916545868,0.019456863403320312,0.9949496388435364,-0.004042471293359995,0.026363812386989594,0.09676709026098251,-0.004387983586639166,0.0046781571581959724,6.904866722834413e-07
1790731898292490752,1790731898292490752,1,1.5636975765228271,0.8860240578651428,-7.983705043792725,-0.2194182425737381,0.08868798613548279,-0.03103088028728962,-0.5066223740577698,-0.13074134290218353,0.019374847412109375,0.994948148727417,-0.004140948876738548,0.02639882266521454,0.09676941484212875,-0.004526370670646429,0.004199170507490635,6.229910809452122e-07
1790731898343491840,1790731898343491840,1,1.5518484115600586,0.8903764486312866,-7.985263824462891,-0.2452334761619568,0.08197805285453796,-0.030081698670983315,-0.5061332583427429,-0.13261446356773376,0.020206451416015625,0.9949477910995483,-0.004238838795572519,0.026386145502328873,0.09677203744649887,-0.004396525211632252,0.0021731099113821983,5.36617676516471e-07
1790731898394492928,1790731898394492928,1,1.5386834144592285,0.8943842649459839,-7.98677396774292,-0.27102139592170715,0.07517142593860626,-0.029119480401277542,-0.5056911706924438,-0.1345885843038559,0.02044677734375,0.9949473738670349,-0.004341172985732555,0.02637500688433647,0.09677474200725555,-0.004094989970326424,-0.0001600345131009817,4.722189430594881e-07
1790731898442493952,1790731898442493952,1,1.5250922441482544,0.8978370428085327,-7.988149166107178,-0.29524901509284973,0.06867971271276474,-0.028201589360833168,-0.5044772028923035,-0.13625481724739075,0.02068042755126953,0.9949479103088379,-0.0044334763661026955,0.026328688487410545,0.09677745401859283,-0.004652552772313356,0.0014251356478780508,3.8787814560237166e-07
1790731898493495040,1790731898493495040,1,1.5093791484832764,0.9011620283126831,-7.989561080932617,-0.32090356945991516,0.06170138716697693,-0.02717472054064274,-0.501835823059082,-0.13762377202510834,0.02163982391357422,0.9949504137039185,-0.00451742485165596,0.02620750293135643,0.0967804566025734,-0.0049746413715183735,0.0006602713838219643,2.9041621019132435e-07
1790731898544496128,1790731898544496128,1,1.4923608303070068,0.9041292071342468,-7.9909210205078125,-0.3464505076408386,0.05464008450508118,-0.026155726984143257,-0.5002320408821106,-0.13945713639259338,0.021444320678710938,0.9949515461921692,-0.0046174973249435425,0.02613469399511814,0.09678354859352112,-0.004267464857548475,-0.003337709465995431,2.1420144946660002e-07
1790731898592497152,1790731898592497152,1,1.4751558303833008,0.9065909385681152,-7.992153644561768,-0.37038642168045044,0.047918859869241714,-0.02519284188747406,-0.4977489113807678,-0.1409449279308319,0.02155780792236328,0.9949537515640259,-0.004707098938524723,0.026024339720606804,0.09678661823272705,-0.004772355780005455,-0.001654092688113451,1.2963921847131132e-07
1790731898643498240,1790731898643498240,1,1.4556199312210083,0.9088510870933533,-7.993411540985107,-0.39567694067955017,0.04070198908448219,-0.02414044924080372,-0.4943368434906006,-0.14231999218463898,0.022225379943847656,0.9949572086334229,-0.004794542212039232,0.025863002985715866,0.09678999334573746,-0.004713778384029865,-0.0036964514292776585,2.247795372056771e-08
1790731898694499328,1790731898694499328,1,1.4347987174987793,0.9107413291931152,-7.99461555480957,-0.42079201340675354,0.03341260179877281,-0.02308410219848156,-0.4909706115722656,-0.1438215672969818,0.022271156311035156,0.9949605464935303,-0.004887486808001995,0.0257033109664917,0.09679348021745682,-0.00434279115870595,-0.006013239733874798,-8.2737820150669e-08
1790731898742500352,1790731898742500352,1,1.414036750793457,0.912179172039032,-7.995699882507324,-0.4442514181137085,0.026488525792956352,-0.022085504606366158,-0.48705628514289856,-0.14504869282245636,0.02225971221923828,0.9949645400047302,-0.00497112050652504,0.025519127026200294,0.0967969000339508,-0.004983601160347462,-0.004752482287585735,-1.7190309620218613e-07
1790731898799501568,1790731898799501568,1,1.3879255056381226,0.9134529829025269,-7.996923923492432,-0.4718533754348755,0.018190985545516014,-0.020860783755779266,-0.481719970703125,-0.1463695913553238,0.023255348205566406,0.9949703812599182,-0.005063209682703018,0.025257430970668793,0.09680112451314926,-0.003514082171022892,-0.010765928775072098,-2.890458574711374e-07
1790731898844502528,1790731898844502528,1,1.3662059307098389,0.9141233563423157,-7.997840881347656,-0.49340081214904785,0.011598415672779083,-0.01990075781941414,-0.4767552614212036,-0.14718793332576752,0.022333145141601562,0.9949755668640137,-0.005134368781000376,0.025023603811860085,0.09680457413196564,-0.006028721574693918,-0.003914740867912769,-3.680615350276639e-07
1790731898892503552,1790731898892503552,1,1.3419744968414307,0.9145100116729736,-7.998772144317627,-0.5161795020103455,0.004504095297306776,-0.01889530010521412,-0.4721177816390991,-0.1484019011259079,0.022348403930664062,0.99498051404953,-0.0052175442688167095,0.024794135242700577,0.09680832177400589,-0.005051590036600828,-0.009242192842066288,-4.6601633130194386e-07
1790731898943504640,1790731898943504640,1,1.3150376081466675,0.9145464301109314,-7.9997076988220215,-0.5400916934013367,-0.0030827505979686975,-0.0177947748452425,-0.4659291207790375,-0.14935699105262756,0.02284526824951172,0.9949871301651001,-0.005297641735523939,0.024493565782904625,0.09681253880262375,-0.004804196301847696,-0.010173983871936798,-5.730151997340727e-07
1790731899006505984,1790731899006505984,1,1.2800921201705933,0.9140555262565613,-8.000784873962402,-0.5691729187965393,-0.01251265313476324,-0.01640818826854229,-0.45757654309272766,-0.15029765665531158,0.023621559143066406,0.9949963688850403,-0.005386727396398783,0.024075888097286224,0.09681783616542816,-0.002008395502343774,-0.01803308166563511,-6.946948474251258e-07
1790731899048506880,1790731899048506880,1,1.255785346031189,0.9133977890014648,-8.001453399658203,-0.5881994366645813,-0.01879834569990635,-0.015414679422974586,-0.4484502375125885,-0.14921259880065918,0.02189159393310547,0.9950069785118103,-0.0053827580995857716,0.02361736260354519,0.09682121127843857,-0.0063438741490244865,-0.011107491329312325,-7.158303674259514e-07
1790731899099507968,1790731899099507968,1,1.225205659866333,0.9122441411018372,-8.002211570739746,-0.61092609167099,-0.026453102007508278,-0.014319907873868942,-0.4423045814037323,-0.1505918949842453,0.021533966064453125,0.9950130581855774,-0.005482248961925507,0.023318858817219734,0.09682578593492508,-0.004967693239450455,-0.014024045318365097,-8.16942076653504e-07
1790731899144508928,1790731899144508928,1,1.1972683668136597,0.9109010100364685,-8.002835273742676,-0.6306665539741516,-0.03324137255549431,-0.01338041853159666,-0.4353102445602417,-0.15125411748886108,0.020997047424316406,0.9950201511383057,-0.005553681869059801,0.02297988533973694,0.09682999551296234,-0.006288011092692614,-0.010188674554228783,-9.292537015426205e-07
1790731899195510016,1790731899195510016,1,1.1645407676696777,0.9090085029602051,-8.003490447998047,-0.6526782512664795,-0.04098057001829147,-0.012337585911154747,-0.42763203382492065,-0.15220780670642853,0.02123260498046875,0.9950278997421265,-0.005639919079840183,0.02260039746761322,0.09683484584093094,-0.005595887545496225,-0.013735253363847733,-1.0464430033607641e-06
1790731899243511040,1790731899243511040,1,1.1327219009399414,0.9068660736083984,-8.004058837890625,-0.6730059385299683,-0.04829440265893936,-0.011354944668710232,-0.4194241762161255,-0.15270306169986725,0.020872116088867188,0.9950361847877502,-0.0057079908438026905,0.022195694968104362,0.09683945775032043,-0.006594490259885788,-0.012980983592569828,-1.1576315728234476e-06
1790731899297512192,1790731899297512192,1,1.0957711935043335,0.9040349125862122,-8.004642486572266,-0.6954234838485718,-0.056570518761873245,-0.010285062715411186,-0.4107024669647217,-0.15382064878940582,0.02093982696533203,0.9950446486473083,-0.005804867018014193,0.021762266755104065,0.09684492647647858,-0.004150860942900181,-0.018308771774172783,-1.3048812661509146e-06
1790731899342513152,1790731899342513152,1,1.064063549041748,0.9013335704803467,-8.005084991455078,-0.7137006521224976,-0.06348661333322525,-0.009388109669089317,-0.4019767940044403,-0.1540175974369049,0.02030467987060547,0.9950531125068665,-0.005863462574779987,0.021333271637558937,0.0968494787812233,-0.007086008787155151,-0.014245712198317051,-1.3899309578846442e-06
1790731899393514240,1790731899393514240,1,1.0271451473236084,0.8978949785232544,-8.005537033081055,-0.7339650988578796,-0.07135791331529617,-0.00839090533554554,-0.39245566725730896,-0.15464124083518982,0.020336151123046875,0.9950622916221619,-0.005940407048910856,0.020857471972703934,0.0968547984957695,-0.005512258969247341,-0.01848950795829296,-1.509537810306938e-06
1790731899444515328,1790731899444515328,1,0.989206075668335,0.8940544724464417,-8.005939483642578,-0.7537190318107605,-0.07925187051296234,-0.007408947683870792,-0.3823668956756592,-0.15520469844341278,0.01998138427734375,0.9950715899467468,-0.006018737331032753,0.020356176421046257,0.09686030447483063,-0.004788475576788187,-0.019787443801760674,-1.6486611684740637e-06
1790731899492516352,1790731899492516352,1,0.95259028673172,0.8900716304779053,-8.00627326965332,-0.7718190550804138,-0.08669272810220718,-0.006492251064628363,-0.37197792530059814,-0.1552526205778122,0.019514083862304688,0.9950812458992004,-0.0060758828185498714,0.019838770851492882,0.09686549752950668,-0.00646047992631793,-0.018866505473852158,-1.736112267280987e-06
1790731899543517440,1790731899543517440,1,0.9127476215362549,0.8854482173919678,-8.006580352783203,-0.7905074954032898,-0.09461096674203873,-0.005539487116038799,-0.3608211874961853,-0.15544064342975616,0.0191650390625,0.9950913190841675,-0.006140046752989292,0.019279757514595985,0.09687110781669617,-0.005698958411812782,-0.021134577691555023,-1.8535625940785394e-06
1790731899594518528,1790731899594518528,1,0.8719667792320251,0.8804209232330322,-8.00683879852295,-0.8086094260215759,-0.1025313213467598,-0.004607383627444506,-0.349115788936615,-0.1554868221282959,0.018613815307617188,0.9951015114784241,-0.006201067008078098,0.018693936988711357,0.0968768447637558,-0.005719013977795839,-0.021886901929974556,-1.9630001588666346e-06
1790731899642519552,1790731899642519552,1,0.8327547907829285,0.8753203749656677,-8.007039070129395,-0.8250923752784729,-0.10998471826314926,-0.0037578123155981302,-0.33767107129096985,-0.15536370873451233,0.017884254455566406,0.9951112866401672,-0.0062532383017241955,0.018119847401976585,0.09688229113817215,-0.006669775582849979,-0.022199751809239388,-2.0500021946645575e-06
1790731899693520640,1790731899693520640,1,0.7902401685714722,0.8695089221000671,-8.007208824157715,-0.8420027494430542,-0.11790985614061356,-0.002892197109758854,-0.3253825604915619,-0.15553954243659973,0.01736736297607422,0.9951213002204895,-0.00632087979465723,0.0175030417740345,0.09688835591077805,-0.004932279698550701,-0.0244410689920187,-2.2023591554898303e-06
1790731899744521728,1790731899744521728,1,0.7468794584274292,0.863293468952179,-8.007335662841797,-0.8582651019096375,-0.12582504749298096,-0.0020475080236792564,-0.3123970627784729,-0.15529781579971313,0.016707420349121094,0.9951316118240356,-0.006374587770551443,0.01685095950961113,0.09689437597990036,-0.005585757549852133,-0.024685095995664597,-2.3090228751243558e-06
1790731899792522752,1790731899792522752,1,0.7053267359733582,0.8570750951766968,-8.007414817810059,-0.8729603886604309,-0.1332620084285736,-0.0012864437885582447,-0.29983440041542053,-0.1549091935157776,0.015880584716796875,0.9951412677764893,-0.006419056095182896,0.01621796004474163,0.096900075674057,-0.006821813061833382,-0.025228558108210564,-2.3778932245477336e-06
1790731899843523840,1790731899843523840,1,0.6604207754135132,0.8500771522521973,-8.007461547851562,-0.8879088759422302,-0.14115719497203827,-0.0005204157205298543,-0.2862573266029358,-0.15482136607170105,0.015217781066894531,0.995151162147522,-0.006479406263679266,0.01553453877568245,0.096906378865242,-0.004964994732290506,-0.026911025866866112,-2.5320894110336667e-06
1790731899894524928,1790731899894524928,1,0.6147701144218445,0.8426769375801086,-8.007469177246094,-0.9021514058113098,-0.14903566241264343,0.00021024220040999353,-0.2721952199935913,-0.15453247725963593,0.014422416687011719,0.9951609969139099,-0.006534531246870756,0.014826277270913124,0.09691272675991058,-0.004739759489893913,-0.02761215716600418,-2.66550955529965e-06
1790731899942525952,1790731899942525952,1,0.5711575150489807,0.835345447063446,-8.007442474365234,-0.9148937463760376,-0.156431183218956,0.0008593279053457081,-0.2586010992527008,-0.15406297147274017,0.013529777526855469,0.9951701760292053,-0.006580014247447252,0.014139819890260696,0.09691871702671051,-0.005983271636068821,-0.028236640617251396,-2.7526064059202326e-06
1790731899996527104,1790731899996527104,1,0.5213825702667236,0.8266738057136536,-8.007376670837402,-0.9284401535987854,-0.164724200963974,0.0015495914267376065,-0.242939755320549,-0.15342292189598083,0.012754440307617188,0.9951801300048828,-0.006623437628149986,0.013348438777029514,0.09692543745040894,-0.0046533867716789246,-0.02919897623360157,-2.843882839442813e-06
1790731900041528064,1790731900041528064,1,0.4793602228164673,0.8191062808036804,-8.007294654846191,-0.9390780329704285,-0.17159880697727203,0.002084127627313137,-0.2296607345342636,-0.1525072455406189,0.0115814208984375,0.9951882362365723,-0.006646960042417049,0.012673785910010338,0.09693092107772827,-0.007884152233600616,-0.03011736460030079,-2.839430635503959e-06
1790731900092529152,1790731900092529152,1,0.4311743203142152,0.8101561665534973,-8.007173538208008,-0.9503983855247498,-0.17936313152313232,0.00264128390699625,-0.21415457129478455,-0.15192750096321106,0.0108489990234375,0.9951969385147095,-0.006691092159599066,0.011890250258147717,0.09693752974271774,-0.005539456848055124,-0.030719496309757233,-2.964630539281643e-06
1790731900143530240,1790731900143530240,1,0.38256703104626444,0.8008112907409668,-8.007025718688965,-0.9609216451644897,-0.18708956241607666,0.0031487273517996073,-0.19827252626419067,-0.15132476389408112,0.009867668151855469,0.995205283164978,-0.006737952586263418,0.011086544953286648,0.09694421291351318,-0.0045878104865550995,-0.03137989714741707,-3.1092017707123887e-06
1790731900191531264,1790731900191531264,1,0.33658367382729865,0.791657030582428,-8.006864547729492,-0.97008216381073,-0.19432395696640015,0.003579414449632168,-0.1830877810716629,-0.15053404867649078,0.008831977844238281,0.995212733745575,-0.006774711422622204,0.010315602645277977,0.09695042669773102,-0.005831091199070215,-0.03247049078345299,-3.2038708468462573e-06
1790731900245532416,1790731900245532416,1,0.28462307655537583,0.7809444665908813,-8.006659507751465,-0.9795039296150208,-0.2024206966161728,0.004010909236967564,-0.16558900475502014,-0.14963090419769287,0.007954597473144531,0.9952206015586853,-0.00681235920637846,0.00942971557378769,0.0969575047492981,-0.0035986315924674273,-0.032217226922512054,-3.3148439797514584e-06
1790731900290533376,1790731900290533376,1,0.24117088494908082,0.7716845870018005,-8.006471633911133,-0.9866470098495483,-0.20910827815532684,0.004335533827543259,-0.15163646638393402,-0.14792169630527496,0.006489753723144531,0.9952266812324524,-0.006800338625907898,0.008712970651686192,0.09696279466152191,-0.008483468554913998,-0.034934837371110916,-3.103998096776195e-06
1790731900341534464,1790731900341534464,1,0.1917951632105433,0.7608275413513184,-8.006243705749512,-0.9939365386962891,-0.21663808822631836,0.004630823154002428,-0.13424921035766602,-0.14712592959403992,0.00572967529296875,0.9952330589294434,-0.006841410417109728,0.007833302021026611,0.09696973115205765,-0.005058021750301123,-0.033882059156894684,-3.2999180348269874e-06
1790731900392535552,1790731900392535552,1,0.1423213994116894,0.7495879530906677,-8.006000518798828,-1.0003548860549927,-0.22410738468170166,0.004876431077718735,-0.11697816103696823,-0.14605610072612762,0.0046234130859375,0.9952386617660522,-0.0068726991303265095,0.0069535477086901665,0.09697646647691727,-0.005179272964596748,-0.03523845970630646,-3.4160673294536537e-06
1790731900440536576,1790731900440536576,1,0.09570524846286341,0.7386628985404968,-8.005760192871094,-1.0055807828903198,-0.231084406375885,0.0050487699918448925,-0.10031940042972565,-0.14498306810855865,0.0035161972045898438,0.9952434301376343,-0.006901183165609837,0.006104877218604088,0.09698285907506943,-0.005816449876874685,-0.036230459809303284,-3.5346506592759397e-06
1790731900491537664,1790731900491537664,1,0.04615939624491011,0.7266894578933716,-8.005500793457031,-1.0102548599243164,-0.23843707144260406,0.005181523505598307,-0.0825667753815651,-0.14364473521709442,0.0025110244750976562,0.9952477812767029,-0.006920333486050367,0.005200613755732775,0.09698954224586487,-0.005490769166499376,-0.03640739992260933,-3.5810599001706578e-06
1790731900542538752,1790731900542538752,1,-0.0033628068453059583,0.7143430113792419,-8.005233764648438,-1.0140364170074463,-0.2457095980644226,0.005267290864139795,-0.06536665558815002,-0.1418493241071701,0.0012273788452148438,0.9952514171600342,-0.006916007027029991,0.004318801686167717,0.09699588268995285,-0.007309943903237581,-0.03844098746776581,-3.4561046504677506e-06
1790731900590539776,1790731900590539776,1,-0.04991434123760401,0.702385663986206,-8.004974365234375,-1.0167536735534668,-0.25248947739601135,0.005267849192023277,-0.04761335998773575,-0.14066584408283234,0.00011539459228515625,0.9952540993690491,-0.0069407992996275425,0.003415461163967848,0.09700240194797516,-0.005614800378680229,-0.03775128722190857,-3.6165802157483995e-06
1790731900641540864,1790731900641540864,1,-0.0992740641005277,0.6893261075019836,-8.004704475402832,-1.0187227725982666,-0.2596210241317749,0.005220483988523483,-0.02909485250711441,-0.13920259475708008,-0.0008535385131835938,0.9952561259269714,-0.0069570173509418964,0.002469948958605528,0.09700911492109299,-0.0050616939552128315,-0.038172829896211624,-3.689471668621991e-06
1790731900692541952,1790731900692541952,1,-0.1484887937093442,0.6759049296379089,-8.00444507598877,-1.019749402999878,-0.26667025685310364,0.0051144505850970745,-0.01052896399050951,-0.1375705450773239,-0.0019817352294921875,0.9952573776245117,-0.00696582579985261,0.001519917044788599,0.09701575338840485,-0.00535410363227129,-0.03909390792250633,-3.723293730217847e-06
1790731900743543040,1790731900743543040,1,-0.19751727178178102,0.662126362323761,-8.004185676574707,-1.0198123455047607,-0.2736380696296692,0.004940819926559925,0.008679687976837158,-0.13596439361572266,-0.00296783447265625,0.9952576756477356,-0.006977497134357691,0.0005393605097196996,0.09702253341674805,-0.004443984478712082,-0.03848036751151085,-3.7997947401890997e-06
1790731900791544064,1790731900791544064,1,-0.2434542792438331,0.6488356590270996,-8.003954887390137,-1.0190030336380005,-0.28010913729667664,0.004740359727293253,0.025646816939115524,-0.13399364054203033,-0.004406929016113281,0.9952572584152222,-0.006963762920349836,-0.0003361329436302185,0.09702850133180618,-0.00722197350114584,-0.042265553027391434,-3.6535175240715034e-06
1790731900842545152,1790731900842545152,1,-0.2920038914123197,0.6343764066696167,-8.0037202835083,-1.017200231552124,-0.28689637780189514,0.0044514574110507965,0.04521781951189041,-0.13219794631004333,-0.0051784515380859375,0.9952556490898132,-0.006966111715883017,-0.0013340567238628864,0.0970352292060852,-0.005104514770209789,-0.039721932262182236,-3.7006486763857538e-06
1790731900890546176,1790731900890546176,1,-0.33741792233251916,0.6204534769058228,-8.003514289855957,-1.0146009922027588,-0.2931973934173584,0.004116129130125046,0.06378331035375595,-0.13049784302711487,-0.0063991546630859375,0.995253324508667,-0.006970368791371584,-0.002286934293806553,0.0970415398478508,-0.004965363070368767,-0.041141577064991,-3.7706947750848485e-06
1790731900941547264,1790731900941547264,1,-0.3853335127438411,0.605331301689148,-8.003313064575195,-1.0108710527420044,-0.2997952103614807,0.003718680702149868,0.08312314003705978,-0.12847797572612762,-0.007105827331542969,0.9952499866485596,-0.006962502840906382,-0.003278592601418495,0.09704805165529251,-0.004632094409316778,-0.04089944064617157,-3.734865231308504e-06
1790731900992548352,1790731900992548352,1,-0.4328622934866149,0.5898755192756653,-8.003134727478027,-1.006160020828247,-0.3062824606895447,0.0032658823765814304,0.10243406891822815,-0.12625983357429504,-0.008175849914550781,0.9952456951141357,-0.006948729511350393,-0.004272120073437691,0.09705451130867004,-0.004819534253329039,-0.04165128245949745,-3.692074187711114e-06
1790731901040549376,1790731901040549376,1,-0.47720591841240734,0.5750289559364319,-8.002988815307617,-1.0008236169815063,-0.312285453081131,0.0027818286325782537,0.12056894600391388,-0.12409340590238571,-0.009508132934570312,0.9952407479286194,-0.006929050199687481,-0.005207253620028496,0.09706053137779236,-0.005970223806798458,-0.04375024512410164,-3.6135238588030916e-06
1790731901091550464,1790731901091550464,1,-0.523869152755539,0.5589416027069092,-8.002861022949219,-0.9941767454147339,-0.3185545802116394,0.002211683662608266,0.14047354459762573,-0.12183793634176254,-0.010028839111328125,0.9952343702316284,-0.006911053322255611,-0.006227303761988878,0.09706702083349228,-0.004471851512789726,-0.04152059555053711,-3.575579739845125e-06
1790731901142551552,1790731901142551552,1,-0.5700274063856792,0.5425376296043396,-8.002762794494629,-0.9865347743034363,-0.3247033953666687,0.001594745204783976,0.1600787341594696,-0.11949323862791061,-0.010955810546875,0.9952270984649658,-0.006888430565595627,-0.00723778922110796,0.09707337617874146,-0.004355187527835369,-0.04248949885368347,-3.505712584228604e-06
1790731901190552576,1790731901190552576,1,-0.6129735250554904,0.526814877986908,-8.002700805664062,-0.9784130454063416,-0.3303806781768799,0.0009379577822983265,0.17908796668052673,-0.11723780632019043,-0.01216888427734375,0.9952190518379211,-0.0068674348294734955,-0.008216964080929756,0.09707942605018616,-0.004522599279880524,-0.043270044028759,-3.488853053568164e-06
1790731901241553664,1790731901241553664,1,-0.6580370023110914,0.5098137855529785,-8.002670288085938,-0.9687947630882263,-0.33629080653190613,0.0002196426212321967,0.19877520203590393,-0.11470559239387512,-0.012403488159179688,0.9952097535133362,-0.006835669744759798,-0.009230800904333591,0.09708564728498459,-0.003935251384973526,-0.04231325909495354,-3.384526280569844e-06
1790731901292554752,1790731901292554752,1,-0.702477850552486,0.49251455068588257,-8.002677917480469,-0.9581825733184814,-0.34206831455230713,-0.0005395574844442308,0.21829356253147125,-0.11208242177963257,-0.013227462768554688,0.9951995611190796,-0.006798751652240753,-0.01023904513567686,0.09709184616804123,-0.0039762756787240505,-0.04301482439041138,-3.2682562505215174e-06
1790731901340555776,1790731901340555776,1,-0.743701297340665,0.47596681118011475,-8.00272274017334,-0.9472669959068298,-0.3473844826221466,-0.0013323723105713725,0.23729661107063293,-0.10957112908363342,-0.014429092407226562,0.9951886534690857,-0.006764614954590797,-0.0112198106944561,0.09709774702787399,-0.004067389760166407,-0.04361885040998459,-3.203048436262179e-06
1790731901391556864,1790731901391556864,1,-0.7868223854462978,0.4581085741519928,-8.002812385559082,-0.9346836805343628,-0.35289818048477173,-0.0021810312755405903,0.2568599581718445,-0.10679353028535843,-0.014346122741699219,0.9951764345169067,-0.0067199235782027245,-0.012229904532432556,0.09710384160280228,-0.003414040431380272,-0.04245978221297264,-3.0602107017330127e-06
1790731901442557952,1790731901442557952,1,-0.8292060555542247,0.43997278809547424,-8.002945899963379,-0.9210926294326782,-0.3582698106765747,-0.003091658465564251,0.2770000398159027,-0.10399522632360458,-0.014886856079101562,0.995162844657898,-0.006676083896309137,-0.01326847355812788,0.09710998088121414,-0.0023590088821947575,-0.04084343835711479,-2.9844331947970204e-06
1790731901499559168,1790731901499559168,1,-0.8756559483401641,0.4193839728832245,-8.003151893615723,-0.9047043323516846,-0.36410006880760193,-0.004123237449675798,0.2990899682044983,-0.1007407158613205,-0.013937950134277344,0.9951468110084534,-0.006617467850446701,-0.014404085464775562,0.09711670130491257,0.0007016273448243737,-0.034441810101270676,-2.8510557967820205e-06
1790731901541560064,1790731901541560064,1,-0.9092310230582299,0.40400347113609314,-8.003339767456055,-0.8918849229812622,-0.3682677149772644,-0.004892876371741295,0.312774121761322,-0.09807810932397842,-0.018413543701171875,0.9951359033584595,-0.006555334664881229,-0.015134714543819427,0.09712131321430206,-0.00659201992675662,-0.05141338333487511,-2.590495569165796e-06
1790731901592561152,1790731901592561152,1,-0.9492264887442252,0.3850950598716736,-8.003615379333496,-0.8753802180290222,-0.37319451570510864,-0.005914625711739063,0.33351200819015503,-0.09495777636766434,-0.01631450653076172,0.995119035243988,-0.006496618036180735,-0.01619436964392662,0.09712747484445572,-0.0023703507613390684,-0.039221860468387604,-2.497068180673523e-06
1790731901640562176,1790731901640562176,1,-0.9860607662087789,0.36707302927970886,-8.003922462463379,-0.8589495420455933,-0.3776850700378418,-0.006900599226355553,0.3521483540534973,-0.09210284054279327,-0.01727294921875,0.99510258436203,-0.006442798767238855,-0.017164934426546097,0.09713301807641983,-0.002082514576613903,-0.04263034090399742,-2.4044168185355375e-06
1790731901691563264,1790731901691563264,1,-1.0243028459887344,0.3476923108100891,-8.004300117492676,-0.8405354619026184,-0.3822964131832123,-0.007925260812044144,0.3707810640335083,-0.0888737291097641,-0.01636791229248047,0.9950852394104004,-0.006372031290084124,-0.018134159967303276,0.09713878482580185,-0.0019417578587308526,-0.041874129325151443,-2.2132510366645874e-06
1790731901742564352,1790731901742564352,1,-1.061588155272514,0.3280806541442871,-8.004731178283691,-0.8211535811424255,-0.386741578578949,-0.009000825695693493,0.3901144564151764,-0.08556422591209412,-0.016496658325195312,0.9950664043426514,-0.006299074273556471,-0.019135607406497,0.09714460372924805,-0.001104499795474112,-0.03958551958203316,-2.0614249933714746e-06
1790731901793565440,1790731901793565440,1,-1.0978801741747226,0.3082466721534729,-8.005217552185059,-0.800807774066925,-0.39101549983024597,-0.010085884481668472,0.4089146852493286,-0.08217766880989075,-0.01634502410888672,0.9950470328330994,-0.006220315117388964,-0.020114386454224586,0.09715034067630768,-0.0008298126049339771,-0.03946882486343384,-1.9033275293622864e-06
1790731901841566464,1790731901841566464,1,-1.1310982662089262,0.289384126663208,-8.005725860595703,-0.7807915806770325,-0.394877552986145,-0.01112649030983448,0.426143079996109,-0.07888653874397278,-0.017210006713867188,0.9950284361839294,-0.006139429751783609,-0.021014895290136337,0.09715571999549866,-0.0018892830703407526,-0.042512767016887665,-1.7205816220666748e-06
1790731901889567488,1790731901889567488,1,-1.1633758537761192,0.27034005522727966,-8.0062837600708,-0.7599517703056335,-0.3985807001590729,-0.01213029120117426,0.4425795376300812,-0.07548229396343231,-0.01713085174560547,0.9950099587440491,-0.006048763636499643,-0.02187338098883629,0.09716105461120605,-0.0022285731974989176,-0.042774006724357605,-1.4640635299656424e-06
1790731901940568576,1790731901940568576,1,-1.1966088698553974,0.24991540610790253,-8.006927490234375,-0.7369320392608643,-0.4023382067680359,-0.013185814023017883,0.46040967106819153,-0.07185396552085876,-0.01587200164794922,0.9949890971183777,-0.005952611565589905,-0.022801779210567474,0.09716668725013733,-0.000835859274957329,-0.038998864591121674,-1.2285241837162175e-06
1790731901991569664,1790731901991569664,1,-1.2287160195289533,0.22930385172367096,-8.0076265335083,-0.7130385637283325,-0.4059084951877594,-0.014225740917026997,0.47750213742256165,-0.06819283962249756,-0.01571369171142578,0.9949682354927063,-0.005851737689226866,-0.023697733879089355,0.09717225283384323,-0.0006809263722971082,-0.03997988626360893,-1.0155304153158795e-06
1790731902042570752,1790731902042570752,1,-1.259664859193798,0.2085150182247162,-8.008378982543945,-0.6882466077804565,-0.4092894196510315,-0.015329229645431042,0.4953746795654297,-0.06442384421825409,-0.015272140502929688,0.9949457049369812,-0.0057487026788294315,-0.024628235027194023,0.09717792272567749,0.0003210793947800994,-0.0369928702712059,-8.304872380904271e-07
1790731902090571776,1790731902090571776,1,-1.287704903214894,0.18879589438438416,-8.009138107299805,-0.6641063094139099,-0.41229379177093506,-0.01636422798037529,0.5114078521728516,-0.06081189960241318,-0.01584148406982422,0.9949245452880859,-0.0056456513702869415,-0.025470662862062454,0.0971832200884819,-0.00043069530511274934,-0.040194038301706314,-6.512728418783809e-07
1790731902141572864,1790731902141572864,1,-1.3163109184733823,0.16769111156463623,-8.009997367858887,-0.6376254558563232,-0.41529378294944763,-0.017373090609908104,0.5275054574012756,-0.056890975683927536,-0.013770103454589844,0.9949026107788086,-0.0055277543142437935,-0.026316650211811066,0.09718886017799377,0.0001373960403725505,-0.037582121789455414,-4.136360871598299e-07
1790731902189573888,1790731902189573888,1,-1.3420905199745656,0.14769244194030762,-8.010854721069336,-0.6119412183761597,-0.41793468594551086,-0.018365368247032166,0.5431738495826721,-0.05312953144311905,-0.01462554931640625,0.994880735874176,-0.00541437603533268,-0.027136478573083878,0.09719423949718475,0.00022554548922926188,-0.03813778609037399,-2.1523631232867046e-07
1790731902240574976,1790731902240574976,1,-1.3682363779243616,0.12630996108055115,-8.01181411743164,-0.5838605165481567,-0.4205414354801178,-0.019316615536808968,0.5584802627563477,-0.049102600663900375,-0.012211799621582031,0.9948583841323853,-0.005287335719913244,-0.02794482372701168,0.09719987958669662,0.0008619922446087003,-0.035964686423540115,1.4220230326600358e-08
1790731902291576064,1790731902291576064,1,-1.3930714490505776,0.1047997996211052,-8.012821197509766,-0.5550187230110168,-0.4229412376880646,-0.020217105746269226,0.5732709169387817,-0.04502657800912857,-0.011608123779296875,0.9948363900184631,-0.005154733546078205,-0.028725914657115936,0.09720557183027267,0.000993654248304665,-0.03618329390883446,2.2216323714019381e-07
1790731902339577088,1790731902339577088,1,-1.415223536308948,0.08444780856370926,-8.013811111450195,-0.5271896123886108,-0.4250081479549408,-0.021059881895780563,0.5866913795471191,-0.04110731557011604,-0.012546539306640625,0.9948157668113708,-0.005023192148655653,-0.02943437173962593,0.09721102565526962,0.0003596553870011121,-0.03879963234066963,4.2282511003577383e-07
1790731902390578176,1790731902390578176,1,-1.4374353201408232,0.06272027641534805,-8.014906883239746,-0.49689018726348877,-0.42699703574180603,-0.021927282214164734,0.6013780832290649,-0.03684988617897034,-0.009959220886230469,0.9947927594184875,-0.004881008993834257,-0.030208103358745575,0.0972168892621994,0.001697658677585423,-0.033312663435935974,6.322258059299202e-07
1790731902441579264,1790731902441579264,1,-1.4582551851122612,0.040896836668252945,-8.016046524047852,-0.46585342288017273,-0.4287686049938202,-0.02279665507376194,0.6161537766456604,-0.03254002332687378,-0.008672714233398438,0.9947689175605774,-0.004736040718853474,-0.03098677285015583,0.09722280502319336,0.002771906089037657,-0.03051791898906231,8.394237624997913e-07
1790731902489580288,1790731902489580288,1,-1.476553441695192,0.02027955651283264,-8.017159461975098,-0.4359879493713379,-0.430233359336853,-0.023577038198709488,0.628947913646698,-0.028456415981054306,-0.008721351623535156,0.9947475790977478,-0.0045936014503240585,-0.03166785463690758,0.09722837805747986,0.0022177635692059994,-0.034056201577186584,1.0000694601330906e-06
1790731902540581376,1790731902540581376,1,-1.4945924788907,-0.0016979137435555458,-8.018377304077148,-0.4035998582839966,-0.4315722584724426,-0.024255933240056038,0.6413564085960388,-0.024059655144810677,-0.0055522918701171875,0.9947263598442078,-0.004434367176145315,-0.03233154118061066,0.09723442792892456,0.0027334452606737614,-0.030832838267087936,1.191218757412571e-06
1790731902591582464,1790731902591582464,1,-1.5111624886269421,-0.02373795583844185,-8.01962947845459,-0.3705655038356781,-0.4326859712600708,-0.024931371212005615,0.6543073654174805,-0.019553786143660545,-0.004265785217285156,0.9947039484977722,-0.004270878620445728,-0.03301673382520676,0.0972406268119812,0.0036614658311009407,-0.027254102751612663,1.3749512390859309e-06
1790731902639583488,1790731902639583488,1,-1.5253944027926793,-0.04452827200293541,-8.020834922790527,-0.33893683552742004,-0.43352553248405457,-0.02543771080672741,0.6642472147941589,-0.015396323055028915,-0.004609107971191406,0.9946860671043396,-0.004110873676836491,-0.03355497121810913,0.09724649786949158,0.0027092983946204185,-0.033241141587495804,1.4814089581705048e-06
1790731902690584576,1790731902690584576,1,-1.539047418243637,-0.06665661185979843,-8.022137641906738,-0.30482110381126404,-0.43419674038887024,-0.025767898187041283,0.6731957197189331,-0.010975510813295841,-0.0022172927856445312,0.9946696162223816,-0.003933427389711142,-0.03404155373573303,0.09725289791822433,0.002827332355082035,-0.03126027062535286,1.5692161241531721e-06
1790731902744585728,1790731902744585728,1,-1.5518337587259448,-0.09011739492416382,-8.023543357849121,-0.268091082572937,-0.4346556067466736,-0.026296429336071014,0.6863148212432861,-0.005920452065765858,0.0007486343383789062,0.9946457743644714,-0.003742856439203024,-0.03473115712404251,0.09725986421108246,0.005244493018835783,-0.019131753593683243,1.7934709148903494e-06
1790731902792586752,1790731902792586752,1,-1.5610281890830342,-0.10968203097581863,-8.024733543395996,-0.23706461489200592,-0.43483635783195496,-0.026604337617754936,0.6937123537063599,-0.0019937497563660145,-0.003021240234375,0.9946315288543701,-0.003580833552405238,-0.03513895347714424,0.09726566821336746,0.003430240089073777,-0.034324076026678085,1.8295423842573655e-06
1790731902840587776,1790731902840587776,1,-1.5702458709122267,-0.1318596452474594,-8.026102066040039,-0.20138244330883026,-0.43481573462486267,-0.027017083019018173,0.7045238018035889,0.0026959714014083147,0.0006494522094726562,0.9946110844612122,-0.0033998771104961634,-0.03571278601884842,0.09727218002080917,0.0042105624452233315,-0.023889632895588875,1.975028908418608e-06
1790731902888588800,1790731902888588800,1,-1.5773439961644198,-0.15272650122642517,-8.027405738830566,-0.1673503816127777,-0.434581995010376,-0.027286307886242867,0.713403046131134,0.007265010382980108,0.003467559814453125,0.9945935010910034,-0.0032125799916684628,-0.03619854524731636,0.0972788855433464,0.005605641752481461,-0.022978929802775383,2.1208338694123086e-06
1790731902939589888,1790731902939589888,1,-1.583321847879322,-0.17487919330596924,-8.028800010681152,-0.13078057765960693,-0.4340924024581909,-0.02734801359474659,0.7208240032196045,0.012027714401483536,0.007367134094238281,0.9945781826972961,-0.0030104999896138906,-0.03661363199353218,0.09728612750768661,0.00605384586378932,-0.020892754197120667,2.1847758944204543e-06
1790731902990590976,1790731902990590976,1,-1.5876732585909539,-0.19700072705745697,-8.030194282531738,-0.09385405480861664,-0.4333587884902954,-0.02730136550962925,0.7275082468986511,0.016822822391986847,0.008807182312011719,0.9945643544197083,-0.002802481409162283,-0.03698441758751869,0.09729359298944473,0.00621137535199523,-0.020471913740038872,2.202409177698428e-06
1790731903038592000,1790731903038592000,1,-1.5902707891384371,-0.21778129041194916,-8.031501770019531,-0.058798614889383316,-0.43244388699531555,-0.027211271226406097,0.7331038117408752,0.02136419527232647,0.008260726928710938,0.9945526719093323,-0.0026012954767793417,-0.03729316219687462,0.09730083495378494,0.006133138667792082,-0.022354815155267715,2.1935281893092906e-06
1790731903089593088,1790731903089593088,1,-1.5914259665841899,-0.23980648815631866,-8.032880783081055,-0.021243557333946228,-0.43122899532318115,-0.02704181708395481,0.7390742897987366,0.026323452591896057,0.011963844299316406,0.9945398569107056,-0.002381839556619525,-0.037627432495355606,0.09730874001979828,0.00696270726621151,-0.01618148759007454,2.2267115582508268e-06
1790731903140594176,1790731903140594176,1,-1.5909156507923372,-0.26176339387893677,-8.034249305725098,0.016563331708312035,-0.4297659695148468,-0.026746965944767,0.7437697052955627,0.03120505064725876,0.013724327087402344,0.9945292472839355,-0.002159125404432416,-0.037899285554885864,0.09731681644916534,0.007367225829511881,-0.015961967408657074,2.1865848793822806e-06
1790731903191595264,1790731903191595264,1,-1.5887295537916477,-0.28363922238349915,-8.035598754882812,0.05459510535001755,-0.42805221676826477,-0.026369255036115646,0.7477313280105591,0.03612722083926201,0.015478134155273438,0.9945201277732849,-0.0019312020158395171,-0.0381288081407547,0.09732519090175629,0.007727885153144598,-0.014836271293461323,2.113965592798195e-06
1790731903239596288,1790731903239596288,1,-1.5851326260969745,-0.30414286255836487,-8.036852836608887,0.09056022763252258,-0.4262092411518097,-0.025950569659471512,0.7506684064865112,0.04076225683093071,0.015127182006835938,0.9945131540298462,-0.001712022116407752,-0.03830012306571007,0.09733331948518753,0.007950983010232449,-0.016204098239541054,2.0074728581676027e-06
1790731903290597376,1790731903290597376,1,-1.579666682801022,-0.32582470774650574,-8.038165092468262,0.1289670318365097,-0.4239979088306427,-0.025500738993287086,0.7545605897903442,0.04599124938249588,0.019286155700683594,0.994503915309906,-0.0014689118834212422,-0.038525935262441635,0.09734224528074265,0.008709793910384178,-0.007146893534809351,2.019256498897448e-06
1790731903338598400,1790731903338598400,1,-1.5729667430216652,-0.3461223840713501,-8.039373397827148,0.16522859036922455,-0.42168140411376953,-0.024953491985797882,0.7565288543701172,0.05074339732527733,0.01984119415283203,0.9944983720779419,-0.0012385697336867452,-0.03865589201450348,0.09735087305307388,0.009024545550346375,-0.010287490673363209,1.9073611383646494e-06
1790731903389599488,1790731903389599488,1,-1.564189036058701,-0.3675605058670044,-8.040623664855957,0.2038264125585556,-0.41897064447402954,-0.024176253005862236,0.7568775415420532,0.05567028000950813,0.023690223693847656,0.9944955706596375,-0.0009921254822984338,-0.03871221840381622,0.0973602831363678,0.009423581883311272,-0.006901840213686228,1.7018594462570036e-06
1790731903440600576,1790731903440600576,1,-1.5536989634300882,-0.38885393738746643,-8.041836738586426,0.24244901537895203,-0.41600456833839417,-0.023364493623375893,0.7574025988578796,0.0607944056391716,0.025365829467773438,0.9944925904273987,-0.0007362738251686096,-0.038768503814935684,0.09737006574869156,0.00981902051717043,-0.002861620392650366,1.5458560937986476e-06
1790731903488601600,1790731903488601600,1,-1.5422593822976387,-0.4087509214878082,-8.04293441772461,0.2787569761276245,-0.41298341751098633,-0.022442838177084923,0.7556495070457458,0.06531412154436111,0.025173187255859375,0.9944940805435181,-0.000498056469950825,-0.03871143236756325,0.09737944602966309,0.010334153659641743,-0.007226074114441872,1.2242276170582045e-06
1790731903539602688,1790731903539602688,1,-1.528441282986673,-0.42972642183303833,-8.044050216674805,0.31726720929145813,-0.40952548384666443,-0.021398937329649925,0.7538765072822571,0.07034419476985931,0.028322219848632812,0.9944953918457031,-0.00023558454995509237,-0.0386553518474102,0.09738978743553162,0.010672744363546371,-0.001014077104628086,9.672495480117504e-07
1790731903590603776,1790731903590603776,1,-1.512909435636417,-0.45051902532577515,-8.045114517211914,0.35566896200180054,-0.4058109223842621,-0.020324811339378357,0.7517735958099365,0.07550414651632309,0.029941558837890625,0.9944971799850464,3.579641634132713e-05,-0.03858252242207527,0.09740050137042999,0.010940217413008213,0.0025202410761266947,7.221065629892109e-07
1790731903641604864,1790731903641604864,1,-1.495666535112908,-0.4711156189441681,-8.046119689941406,0.3939194083213806,-0.4018382728099823,-0.019153447821736336,0.7482805252075195,0.08056491613388062,0.03177165985107422,0.9945014715194702,0.00030976624111644924,-0.038443561643362045,0.09741151332855225,0.01129949651658535,0.003826705738902092,4.0116353261510085e-07
1790731903689605888,1790731903689605888,1,-1.4778792390783755,-0.4903099834918976,-8.047004699707031,0.4296877384185791,-0.3978762924671173,-0.017834506928920746,0.7422312498092651,0.08477386832237244,0.03077411651611328,0.9945108890533447,0.000555259408429265,-0.03816799446940422,0.09742198139429092,0.012482618913054466,-0.0010654281359165907,-1.2253801173756074e-07
1790731903740606976,1790731903740606976,1,-1.4573315248104197,-0.5104894638061523,-8.047882080078125,0.4674668610095978,-0.3934144675731659,-0.016561202704906464,0.7380864024162292,0.0901268720626831,0.03356456756591797,0.9945163726806641,0.0008454499766230583,-0.03799033537507057,0.09743370860815048,0.01204700767993927,0.009193447418510914,-3.9005817598081194e-07
1790731903788608000,1790731903788608000,1,-1.4364469845378067,-0.5292681455612183,-8.048645973205566,0.5027544498443604,-0.3889814615249634,-0.015272225253283978,0.7323324680328369,0.0948934331536293,0.03365325927734375,0.9945245981216431,0.0011174991959705949,-0.03773647919297218,0.09744502604007721,0.01275695115327835,0.006649404764175415,-7.837184625714144e-07
1790731903839609088,1790731903839609088,1,-1.4126244057090855,-0.5489811897277832,-8.049385070800781,0.5399124026298523,-0.3840239942073822,-0.013757843524217606,0.7246239185333252,0.0997472032904625,0.03634834289550781,0.9945362210273743,0.0014028488658368587,-0.037386804819107056,0.09745729714632034,0.013104559853672981,0.00964225735515356,-1.2938542113261065e-06
1790731903890610176,1790731903890610176,1,-1.3871307429561197,-0.5684349536895752,-8.050046920776367,0.5766777396202087,-0.3788134753704071,-0.012236949056386948,0.7168018817901611,0.10482824593782425,0.037186622619628906,0.9945480227470398,0.0016998178325593472,-0.03702551871538162,0.09747008234262466,0.013115109875798225,0.013332593254745007,-1.7730618537825649e-06
1790731903941611264,1790731903941611264,1,-1.3599796116397795,-0.5876166224479675,-8.050630569458008,0.6130049824714661,-0.3733496069908142,-0.010654403828084469,0.7077382802963257,0.10981171578168869,0.038147926330566406,0.9945617914199829,0.0019990585278719664,-0.03660489618778229,0.09748326241970062,0.013421467505395412,0.01496252790093422,-2.2987730972090503e-06
1790731903989612288,1790731903989612288,1,-1.3329261001286956,-0.6054099798202515,-8.051098823547363,0.6466980576515198,-0.3679964542388916,-0.008941869251430035,0.6961725354194641,0.11353045701980591,0.0361328125,0.9945804476737976,0.002249552868306637,-0.0360463410615921,0.09749536216259003,0.015871664509177208,0.010980666615068913,-3.0212140700314194e-06
1790731904040613376,1790731904040613376,1,-1.3026075449554178,-0.6240281462669373,-8.05151081085205,0.6819689273834229,-0.36207056045532227,-0.007291637361049652,0.6860352754592896,0.11872389167547226,0.037670135498046875,0.9945955872535706,0.002562467474490404,-0.03556779399514198,0.09750919789075851,0.01468462124466896,0.018591618165373802,-3.532352138790884e-06
1790731904088614400,1790731904088614400,1,-1.2726070484198806,-0.6412694454193115,-8.051823616027832,0.7146466970443726,-0.3562622666358948,-0.005755152087658644,0.6754021644592285,0.1235586404800415,0.03726005554199219,0.9946112632751465,0.0028627999126911163,-0.035065729171037674,0.09752264618873596,0.015096964314579964,0.018397144973278046,-4.092215021955781e-06
1790731904139615488,1790731904139615488,1,-1.2391940573897373,-0.6592766046524048,-8.052072525024414,0.7487672567367554,-0.34984683990478516,-0.00402134470641613,0.6624666452407837,0.12834538519382477,0.039010047912597656,0.9946303963661194,0.003172455122694373,-0.034451305866241455,0.09753706306219101,0.015370168723165989,0.020886681973934174,-4.757628175866557e-06
1790731904190616576,1790731904190616576,1,-1.204219407832591,-0.6769501566886902,-8.052231788635254,0.7822219133377075,-0.34318265318870544,-0.0023058715742081404,0.6491559743881226,0.13333554565906525,0.03917121887207031,0.9946498274803162,0.0034932417329400778,-0.033812765032052994,0.09755196422338486,0.015127143822610378,0.024105770513415337,-5.414894530986203e-06
1790731904241617664,1790731904241617664,1,-1.1677073690703694,-0.6942775845527649,-8.052305221557617,0.814963698387146,-0.3362710773944855,-0.0005695985746569932,0.6346957683563232,0.1381952464580536,0.039238929748535156,0.9946704506874084,0.003814292373135686,-0.033117324113845825,0.09756715595722198,0.015376427210867405,0.025846362113952637,-6.125472282292321e-06
1790731904289618688,1790731904289618688,1,-1.1319632938430495,-0.710258424282074,-8.052289962768555,0.845059871673584,-0.32955875992774963,0.001154984114691615,0.6192697286605835,0.1419757604598999,0.037200927734375,0.9946928024291992,0.004088990855962038,-0.032363977283239365,0.09758121520280838,0.01855459250509739,0.023966366425156593,-6.829224730608985e-06
1790731904340619776,1790731904340619776,1,-1.092547416771828,-0.7268794178962708,-8.052186965942383,0.8762620091438293,-0.32218584418296814,0.0028496452141553164,0.6035963892936707,0.14709751307964325,0.038092613220214844,0.9947141408920288,0.004425358958542347,-0.03160518780350685,0.09759717434644699,0.016027772799134254,0.030456366017460823,-7.57764928493998e-06
1790731904388620800,1790731904388620800,1,-1.0541230905326224,-0.7421737313270569,-8.052010536193848,0.9048514366149902,-0.3150283098220825,0.00445037055760622,0.5875265598297119,0.15160666406154633,0.03680706024169922,0.9947357773780823,0.00473829498514533,-0.03082483634352684,0.09761249274015427,0.01721147634088993,0.030007274821400642,-8.34098409541184e-06
1790731904439621888,1790731904439621888,1,-1.0119184430530614,-0.7580416798591614,-8.051737785339355,0.9343575835227966,-0.3071933090686798,0.006174526643007994,0.5693008303642273,0.15607455372810364,0.03693199157714844,0.994759738445282,0.0050589037127792835,-0.02993614412844181,0.09762872755527496,0.017426148056983948,0.032377537339925766,-9.145212061412167e-06
1790731904490622976,1790731904490622976,1,-0.968327528859956,-0.7735038995742798,-8.051380157470703,0.9629229307174683,-0.29912468791007996,0.007829411886632442,0.5505365133285522,0.16078004240989685,0.03600502014160156,0.9947835803031921,0.005392703227698803,-0.029017966240644455,0.09764550626277924,0.0168104637414217,0.035006724298000336,-9.990500984713435e-06
1790731904538624000,1790731904538624000,1,-0.9260671419349065,-0.7876758575439453,-8.05096435546875,0.9888964295387268,-0.2913360893726349,0.009414371103048325,0.5315332412719727,0.1643068492412567,0.03338813781738281,0.9948074221611023,0.005673383828252554,-0.028079524636268616,0.09766082465648651,0.020633555948734283,0.03447148948907852,-1.0663186913006939e-05
1790731904589625088,1790731904589625088,1,-0.879892206447113,-0.8023185133934021,-8.050444602966309,1.015496850013733,-0.28284019231796265,0.010974891483783722,0.5111246705055237,0.1689079850912094,0.03301715850830078,0.9948315620422363,0.006008259020745754,-0.027077721431851387,0.09767807275056839,0.01850731670856476,0.0381416492164135,-1.1532293683558237e-05
1790731904637626112,1790731904637626112,1,-0.8352707090285126,-0.8156988620758057,-8.049883842468262,1.0395599603652954,-0.27463629841804504,0.012363082729279995,0.4911637008190155,0.17329469323158264,0.03116607666015625,0.9948541522026062,0.0063330200500786304,-0.026095490902662277,0.09769473969936371,0.018797311931848526,0.03939955309033394,-1.2413394870236516e-05
1790731904691627264,1790731904691627264,1,-0.7837684166759226,-0.8302749991416931,-8.049174308776855,1.065458059310913,-0.26516830921173096,0.01390574686229229,0.4676451086997986,0.17787612974643707,0.0309295654296875,0.9948797225952148,0.006683894898742437,-0.02493821457028389,0.09771343320608139,0.01703273504972458,0.04181787744164467,-1.3341159501578659e-05
1790731904739628288,1790731904739628288,1,-0.7368714566575654,-0.842797040939331,-8.04847526550293,1.0873990058898926,-0.25655287504196167,0.015164942480623722,0.4461089074611664,0.1818985790014267,0.027779579162597656,0.9949020147323608,0.007001155521720648,-0.02387065440416336,0.09773034602403641,0.019994769245386124,0.042743902653455734,-1.4171961993270088e-05
1790731904793629440,1790731904793629440,1,-0.6829057556986375,-0.8563843369483948,-8.047616004943848,1.1108211278915405,-0.24664564430713654,0.016571998596191406,0.42102017998695374,0.18563462793827057,0.026378631591796875,0.9949269890785217,0.0073195346631109715,-0.02262638695538044,0.09774874895811081,0.020619137212634087,0.04459536820650101,-1.483529558754526e-05
1790731904841630464,1790731904841630464,1,-0.6339082281016345,-0.8680082559585571,-8.046793937683105,1.130491852760315,-0.23764565587043762,0.01762670837342739,0.39806196093559265,0.18976110219955444,0.02336883544921875,0.994948148727417,0.007644690573215485,-0.021486563608050346,0.09776619076728821,0.02075442485511303,0.04642874374985695,-1.5773812265251763e-05
1790731904889631488,1790731904889631488,1,-0.5839868216989736,-0.8791953921318054,-8.045924186706543,1.149040937423706,-0.2284460961818695,0.01859775371849537,0.37434548139572144,0.19386620819568634,0.021828651428222656,0.9949684143066406,0.007972520776093006,-0.02031170018017292,0.09778384864330292,0.020027736201882362,0.04801682010293007,-1.6720658095437102e-05
1790731904949632768,1790731904949632768,1,-0.5203523081529493,-0.8925508856773376,-8.04477310180664,1.1706000566482544,-0.21667486429214478,0.019736994057893753,0.34377753734588623,0.19871290028095245,0.02165985107421875,0.9949927926063538,0.008363960310816765,-0.018801037222146988,0.09780585020780563,0.012147324159741402,0.04842762276530266,-1.772597897797823e-05
1790731904991633664,1790731904991633664,1,-0.4750368433849437,-0.9014760851860046,-8.043928146362305,1.1846102476119995,-0.2083071768283844,0.02043835073709488,0.32262998819351196,0.20098097622394562,0.014750480651855469,0.9950090050697327,0.008602598682045937,-0.017728975042700768,0.09782052785158157,0.02671937644481659,0.05268453434109688,-1.799603705876507e-05
1790731905039634688,1790731905039634688,1,-0.422514617117872,-0.9112416505813599,-8.042930603027344,1.1994805335998535,-0.19856299459934235,0.021089747548103333,0.2969973683357239,0.2045046091079712,0.014051437377929688,0.9950264692306519,0.008905024267733097,-0.01645752601325512,0.09783817082643509,0.0221644826233387,0.05264668166637421,-1.8750894014374353e-05
1790731905087635712,1790731905087635712,1,-0.3692567558612952,-0.920535683631897,-8.04190444946289,1.213110327720642,-0.1886439472436905,0.021605972200632095,0.2704576551914215,0.20871245861053467,0.011994361877441406,0.9950423836708069,0.009248588234186172,-0.015138303861021996,0.09785676002502441,0.018905358389019966,0.05370022729039192,-1.9921249986509793e-05
1790731905138636800,1790731905138636800,1,-0.31191980569719135,-0.9298839569091797,-8.040789604187012,1.2262018918991089,-0.17792248725891113,0.022067079320549965,0.24221983551979065,0.21237723529338837,0.009759902954101562,0.9950578808784485,0.009578520432114601,-0.013729231432080269,0.09787582606077194,0.019480209797620773,0.05514621362090111,-2.0682760805357248e-05
1790731905189637888,1790731905189637888,1,-0.2538693237522238,-0.9386809468269348,-8.039655685424805,1.2378449440002441,-0.16702601313591003,0.022380487993359566,0.21352718770503998,0.2157566249370575,0.0067043304443359375,0.9950717091560364,0.009895960800349712,-0.012293798848986626,0.09789476543664932,0.020780310034751892,0.05677276849746704,-2.133651105395984e-05
1790731905240638976,1790731905240638976,1,-0.19516740926394474,-0.9469176530838013,-8.038505554199219,1.2479990720748901,-0.1559464931488037,0.022512001916766167,0.1838131994009018,0.21937808394432068,0.0040912628173828125,0.9950836300849915,0.01022685132920742,-0.010810238309204578,0.09791415184736252,0.019246067851781845,0.05709381774067879,-2.2219886886887252e-05
1790731905291640064,1790731905291640064,1,-0.13587898594664766,-0.9545847773551941,-8.037354469299316,1.2566336393356323,-0.14469076693058014,0.0224969070404768,0.1537126749753952,0.2228303998708725,0.0012035369873046875,0.995093584060669,0.010552343912422657,-0.009304079227149487,0.09793352335691452,0.018893558531999588,0.05825670063495636,-2.2996109692030586e-05
1790731905339641088,1790731905339641088,1,-0.07960159786250928,-0.961272656917572,-8.036276817321777,1.2633519172668457,-0.13394346833229065,0.0223320834338665,0.12511852383613586,0.22580812871456146,-0.0022792816162109375,0.9951009750366211,0.01084925141185522,-0.007868190295994282,0.09795162081718445,0.021636296063661575,0.060966186225414276,-2.3586087991134264e-05
1790731905390642176,1790731905390642176,1,-0.0193651061752799,-0.9678090214729309,-8.035146713256836,1.2689586877822876,-0.12235742807388306,0.02200758270919323,0.0939447432756424,0.2290271520614624,-0.004342079162597656,0.9951066374778748,0.011165070347487926,-0.0063104270957410336,0.09797099977731705,0.018706941977143288,0.059670962393283844,-2.424580634396989e-05
1790731905438643200,1790731905438643200,1,0.03768287639917451,-0.9734176993370056,-8.034100532531738,1.2727928161621094,-0.11131524294614792,0.021554168313741684,0.06460460275411606,0.23180781304836273,-0.008061408996582031,0.9951099157333374,0.011454449966549873,-0.004834325518459082,0.09798905998468399,0.021072030067443848,0.06286728382110596,-2.4724278773646802e-05
1790731905489644288,1790731905489644288,1,0.09860653291253585,-0.9787925481796265,-8.033014297485352,1.2753134965896606,-0.09944207966327667,0.020945074036717415,0.03335411846637726,0.23441654443740845,-0.010449409484863281,0.9951109886169434,0.01174214668571949,-0.003266461892053485,0.0980079174041748,0.020461933687329292,0.06284701079130173,-2.4969906007754616e-05
1790731905537645312,1790731905537645312,1,0.15617599898333237,-0.9832950830459595,-8.032024383544922,1.2762138843536377,-0.08814016729593277,0.020175451412796974,0.003123064525425434,0.23701626062393188,-0.01412200927734375,0.9951097369194031,0.012023741379380226,-0.0017465640557929873,0.09802598506212234,0.02109632082283497,0.06451330333948135,-2.543745722505264e-05
1790731905591646464,1790731905591646464,1,0.22113040455127814,-0.9877082705497742,-8.030960083007812,1.2754936218261719,-0.07528519630432129,0.019195593893527985,-0.030811013653874397,0.2396627515554428,-0.015480995178222656,0.9951056241989136,0.012323546223342419,-4.5993092498974875e-05,0.09804590046405792,0.01729506626725197,0.062043167650699615,-2.569696880527772e-05
1790731905639647488,1790731905639647488,1,0.2789676422845095,-0.9910455346107483,-8.03006362915039,1.273322343826294,-0.06374838948249817,0.018118061125278473,-0.061275117099285126,0.24194471538066864,-0.02028656005859375,0.9950994253158569,0.012593027204275131,0.001493263291195035,0.09806367009878159,0.021486299112439156,0.06726310402154922,-2.6071505999425426e-05
1790731905687648512,1790731905687648512,1,0.3368335738105422,-0.9938260316848755,-8.02922248840332,1.2696517705917358,-0.052091944962739944,0.01687958836555481,-0.09245005995035172,0.2441369742155075,-0.022559165954589844,0.995090663433075,0.012857578694820404,0.003059252630919218,0.09808151423931122,0.02079637721180916,0.0664014145731926,-2.637886609591078e-05
1790731905738649600,1790731905738649600,1,0.3982755918706243,-0.9961646199226379,-8.028395652770996,1.2641316652297974,-0.039600685238838196,0.015486959367990494,-0.1249983012676239,0.24616791307926178,-0.024336814880371094,0.995078980922699,0.01312094647437334,0.004697457421571016,0.09809999912977219,0.01953430101275444,0.06605718284845352,-2.6378900656709448e-05
1790731905789650688,1790731905789650688,1,0.4596009266693867,-0.9978636503219604,-8.027644157409668,1.2569602727890015,-0.027015304192900658,0.013942659832537174,-0.15751023590564728,0.2480243295431137,-0.027313232421875,0.9950647354125977,0.013375610113143921,0.006337339989840984,0.09811828285455704,0.01995358057320118,0.06749995052814484,-2.6359899493400007e-05
1790731905840651776,1790731905840651776,1,0.5207324848018492,-0.9989182353019714,-8.0269775390625,1.2480963468551636,-0.014326321892440319,0.012179861776530743,-0.19123777747154236,0.2500756084918976,-0.029590606689453125,0.9950470328330994,0.013642927631735802,0.008033044636249542,0.09813687950372696,0.017568523064255714,0.06557396799325943,-2.6682990210247226e-05
1790731905903653120,1790731905903653120,1,0.595862174012685,-0.999323844909668,-8.02627944946289,1.2348250150680542,0.0014653244288638234,0.00999035220593214,-0.23143236339092255,0.2517954111099243,-0.027425765991210938,0.9950227737426758,0.013918655924499035,0.010046502575278282,0.09815891832113266,0.00538357999175787,0.05309871956706047,-2.6333136702305637e-05
1790731905939653888,1790731905939653888,1,0.6385498297908679,-0.9991081953048706,-8.0259428024292,1.2261602878570557,0.010511456057429314,0.008540891110897064,-0.251853883266449,0.25192955136299133,-0.043486595153808594,0.9950085878372192,0.014038819819688797,0.011109261773526669,0.09817060828208923,0.03197600319981575,0.08237093687057495,-2.5420864403713495e-05
1790731905990654976,1790731905990654976,1,0.6986549468575287,-0.9982423782348633,-8.025565147399902,1.212308645248413,0.02345503866672516,0.00623680092394352,-0.28894415497779846,0.2541252672672272,-0.036118507385253906,0.9949803352355957,0.014323346316814423,0.01295398734509945,0.0981900542974472,0.014379072934389114,0.05946887284517288,-2.6746425646706484e-05
1790731906038656000,1790731906038656000,1,0.7547591863877688,-0.9968231916427612,-8.025315284729004,1.1977275609970093,0.03569000959396362,0.004097168333828449,-0.3205653727054596,0.2559164762496948,-0.03920459747314453,0.9949527978897095,0.014570106752216816,0.01456226222217083,0.09820658713579178,0.01621125638484955,0.0688740462064743,-2.6930123567581177e-05
1790731906089657088,1790731906089657088,1,0.8137982854151302,-0.9946701526641846,-8.025164604187012,1.1805859804153442,0.04874588921666145,0.0017889615846797824,-0.35278958082199097,0.2568018138408661,-0.03889274597167969,0.9949228763580322,0.014778164215385914,0.016194339841604233,0.0982237234711647,0.017295949161052704,0.06824110448360443,-2.635266719153151e-05
1790731906137658112,1790731906137658112,1,0.8687552461987336,-0.9920343160629272,-8.025135040283203,1.1629217863082886,0.0610831081867218,-0.0005667107179760933,-0.3840985596179962,0.25767064094543457,-0.042176246643066406,0.9948912262916565,0.0149746248498559,0.017776384949684143,0.09824017435312271,0.01864050328731537,0.06911421567201614,-2.605360896268394e-05
1790731906188659200,1790731906188659200,1,0.926421389996872,-0.9885836243629456,-8.025225639343262,1.1425342559814453,0.07422959804534912,-0.0030555964913219213,-0.41617342829704285,0.25821298360824585,-0.041327476501464844,0.9948563575744629,0.015160774812102318,0.01940254494547844,0.09825710952281952,0.01714218407869339,0.06716816127300262,-2.5377214114996605e-05
1790731906239660288,1790731906239660288,1,0.9832600972389816,-0.9844616055488586,-8.025447845458984,1.120490312576294,0.0874110609292984,-0.005699776578694582,-0.44914335012435913,0.2589404582977295,-0.042321205139160156,0.9948177933692932,0.01535586267709732,0.021068749949336052,0.09827416390180588,0.014377783983945847,0.06441567093133926,-2.505027259758208e-05
1790731906290661376,1790731906290661376,1,1.0391891189302582,-0.9796668887138367,-8.025806427001953,1.0967954397201538,0.10061661154031754,-0.00840078480541706,-0.4813424050807953,0.2593996822834015,-0.0427093505859375,0.9947773814201355,0.015536879189312458,0.022702908143401146,0.09829084575176239,0.013676969334483147,0.06435610353946686,-2.460087307554204e-05
1790731906338662400,1790731906338662400,1,1.0909238481659866,-0.9745388031005859,-8.026268005371094,1.0730420351028442,0.1130456030368805,-0.01090751588344574,-0.5095582008361816,0.25908082723617554,-0.04565906524658203,0.9947400093078613,0.015666184946894646,0.024143964052200317,0.09830603748559952,0.019539527595043182,0.0715172067284584,-2.3577869797009043e-05
1790731906386663424,1790731906386663424,1,1.141713994824363,-0.9688137173652649,-8.02685546875,1.0478363037109375,0.12549073994159698,-0.01361195370554924,-0.5402101874351501,0.25920143723487854,-0.04584026336669922,0.9946972727775574,0.015816589817404747,0.02569100446999073,0.09832191467285156,0.015710821375250816,0.06511655449867249,-2.306779242644552e-05
1790731906437664512,1790731906437664512,1,1.19443941116333,-0.9620766043663025,-8.027617454528809,1.0195307731628418,0.13870161771774292,-0.016326693817973137,-0.5703766345977783,0.2589595913887024,-0.04297828674316406,0.994652509689331,0.015954088419675827,0.027233336120843887,0.09833783656358719,0.013915155082941055,0.06395244598388672,-2.2138785425340757e-05
1790731906488665600,1790731906488665600,1,1.2456822395324707,-0.9546664953231812,-8.02851676940918,0.9897111058235168,0.15188740193843842,-0.019031478092074394,-0.5998278856277466,0.25847941637039185,-0.04308128356933594,0.9946066737174988,0.016074007377028465,0.028736209496855736,0.09835348278284073,0.014318631961941719,0.06488991528749466,-2.121502075169701e-05
1790731906539666688,1790731906539666688,1,1.2953652143478394,-0.9465841054916382,-8.029559135437012,0.9583443999290466,0.1650567203760147,-0.021888377144932747,-0.6303838491439819,0.2580597996711731,-0.04235363006591797,0.9945570230484009,0.01619948074221611,0.03028825670480728,0.09836944192647934,0.011514316312968731,0.060345426201820374,-2.0610499632311985e-05
1790731906590667776,1790731906590667776,1,1.343410611152649,-0.9378311038017273,-8.030740737915039,0.9255092740058899,0.17818011343479156,-0.024569639936089516,-0.6583254933357239,0.2570950388908386,-0.04132652282714844,0.994509220123291,0.016290856525301933,0.03172435984015465,0.09838475286960602,0.013356034643948078,0.06358515471220016,-1.9602945030783303e-05
1790731906638668800,1790731906638668800,1,1.3870681524276733,-0.9289827346801758,-8.031973838806152,0.8933292031288147,0.1904747039079666,-0.026974333450198174,-0.6826193332672119,0.2555277943611145,-0.044363975524902344,0.9944667816162109,0.016330761834979057,0.032967034727334976,0.09839911013841629,0.018506769090890884,0.06890948861837387,-1.8142638509743847e-05
1790731906686669824,1790731906686669824,1,1.4291503429412842,-0.9195451140403748,-8.033331871032715,0.8598302602767944,0.20274268090724945,-0.02970840409398079,-0.7114583253860474,0.25481635332107544,-0.043193817138671875,0.9944142699241638,0.01642793044447899,0.034425195306539536,0.09841420501470566,0.011435525491833687,0.05846749618649483,-1.7683105397736654e-05
1790731906740670976,1790731906740670976,1,1.4745312929153442,-0.9082258343696594,-8.035008430480957,0.8206565976142883,0.2164679318666458,-0.0324072539806366,-0.7396414875984192,0.2534295618534088,-0.03386878967285156,0.99435955286026,0.016505088657140732,0.03589296713471413,0.0984298437833786,0.006760084070265293,0.05282911658287048,-1.6654530554660596e-05
1790731906791672064,1790731906791672064,1,1.5154125690460205,-0.8968568444252014,-8.036725997924805,0.7822710871696472,0.2293514758348465,-0.03498679772019386,-0.7663148045539856,0.2521020472049713,-0.03486824035644531,0.9943068027496338,0.01656760461628437,0.037259358912706375,0.09844456613063812,0.00784923043102026,0.055762894451618195,-1.59491719387006e-05
1790731906839673088,1790731906839673088,1,1.552070140838623,-0.885558009147644,-8.038461685180664,0.7449074387550354,0.2414044886827469,-0.03739926964044571,-0.7903769016265869,0.2503759264945984,-0.034996986389160156,0.9942576885223389,0.01660129241645336,0.03849709406495094,0.09845858812332153,0.011168893426656723,0.05879039689898491,-1.5016030374681577e-05
1790731906887674112,1790731906887674112,1,1.5869059562683105,-0.87368243932724,-8.040311813354492,0.7063701152801514,0.25338056683540344,-0.03971220925450325,-0.8141365647315979,0.24837248027324677,-0.03175067901611328,0.9942077398300171,0.01662292890250683,0.03972279652953148,0.09847286343574524,0.009515213780105114,0.054287102073431015,-1.3950005268270615e-05
1790731906938675200,1790731906938675200,1,1.6218615770339966,-0.8604373931884766,-8.04239559173584,0.6642090082168579,0.2660011351108551,-0.04193785414099693,-0.8381522297859192,0.24620643258094788,-0.0245208740234375,0.9941551089286804,0.01663854345679283,0.040975939482450485,0.09848759323358536,0.004975819028913975,0.04698493704199791,-1.2828366379835643e-05
1790731906986676224,1790731906986676224,1,1.6527705192565918,-0.8473862409591675,-8.044453620910645,0.6234664916992188,0.2777649760246277,-0.043876223266124725,-0.8592094779014587,0.24396976828575134,-0.02450084686279297,0.9941082000732422,0.016632776707410812,0.04206880182027817,0.09850113838911057,0.007440604269504547,0.052132487297058105,-1.177385183837032e-05
1790731907037677312,1790731907037677312,1,1.683441400527954,-0.8329038619995117,-8.046734809875488,0.57911217212677,0.2901309132575989,-0.0456097312271595,-0.8793562650680542,0.24102218449115753,-0.017462730407714844,0.9940617680549622,0.01659465581178665,0.04313519224524498,0.09851565212011337,0.0062060970813035965,0.047630999237298965,-1.0477893738425337e-05
1790731907091678464,1790731907091678464,1,1.7134217023849487,-0.8168864846229553,-8.049240112304688,0.5310580730438232,0.30305853486061096,-0.04717902094125748,-0.8998539447784424,0.2378316968679428,-0.011079788208007812,0.9940135478973389,0.016542375087738037,0.044217053800821304,0.0985308438539505,0.002612088341265917,0.041389189660549164,-9.27853488974506e-06
1790731907139679488,1790731907139679488,1,1.7378709316253662,-0.8020668625831604,-8.05152702331543,0.48751726746559143,0.314381867647171,-0.0482887327671051,-0.9147312045097351,0.23443688452243805,-0.016542434692382812,0.9939791560173035,0.016446257010102272,0.04498986899852753,0.09854426234960556,0.010797461494803429,0.054759759455919266,-8.152666850946844e-06
1790731907187680512,1790731907187680512,1,1.7602100372314453,-0.786706805229187,-8.053873062133789,0.44310522079467773,0.3255750834941864,-0.049626871943473816,-0.9330793023109436,0.2312902808189392,-0.014021873474121094,0.9939355850219727,0.016378028318285942,0.04593565687537193,0.09855842590332031,0.006229734513908625,0.04431130737066269,-7.156284937082091e-06
1790731907238681600,1790731907238681600,1,1.781585693359375,-0.7698022127151489,-8.056436538696289,0.3949851095676422,0.3373090326786041,-0.05093591660261154,-0.9518423080444336,0.2281007170677185,-0.0045680999755859375,0.9938883185386658,0.016319843009114265,0.04693799093365669,0.0985727608203888,-0.00016690650954842567,0.03464799001812935,-6.248801582842134e-06
1790731907289682688,1790731907289682688,1,1.800486445426941,-0.7523041367530823,-8.059052467346191,0.3460709750652313,0.34884533286094666,-0.05172925814986229,-0.9663828611373901,0.22441908717155457,0.0008144378662109375,0.9938507080078125,0.016219602897763252,0.04773241654038429,0.09858660399913788,0.0014788981061428785,0.039095647633075714,-5.378408332035178e-06
1790731907337683712,1790731907337683712,1,1.8159782886505127,-0.7353019714355469,-8.061553001403809,0.29929181933403015,0.3595339059829712,-0.052509479224681854,-0.9809173345565796,0.22078834474086761,0.0016460418701171875,0.9938142895698547,0.016113363206386566,0.048492904752492905,0.0986003503203392,0.002212977036833763,0.03761883080005646,-4.5514052544604056e-06
1790731907388684800,1790731907388684800,1,1.8299591541290283,-0.716679573059082,-8.064245223999023,0.248856320977211,0.3706982433795929,-0.053043849766254425,-0.9947510957717896,0.2166646122932434,0.01132965087890625,0.9937774538993835,0.015987839549779892,0.0492527075111866,0.09861502051353455,-0.0019529276760295033,0.028168411925435066,-3.658459036159911e-06
1790731907436685824,1790731907436685824,1,1.8407546281814575,-0.6986376643180847,-8.066787719726562,0.2008625715970993,0.3809966742992401,-0.05309053882956505,-1.0044699907302856,0.21248793601989746,0.012304306030273438,0.9937520027160645,0.015834322199225426,0.04978654161095619,0.09862857311964035,0.0016618163790553808,0.03556268662214279,-2.9747434382443316e-06
1790731907490686976,1790731907490686976,1,1.8501299619674683,-0.6777556538581848,-8.069648742675781,0.1462748944759369,0.39234551787376404,-0.052881885319948196,-1.0150545835494995,0.20758016407489777,0.02445697784423828,0.9937227368354797,0.01565638743340969,0.05039295181632042,0.09864414483308792,-0.004044536966830492,0.021760255098342896,-2.1632827156281564e-06
1790731907538688000,1790731907538688000,1,1.8559786081314087,-0.6586851477622986,-8.072169303894043,0.0973597839474678,0.4022010564804077,-0.052439283579587936,-1.0226054191589355,0.20312532782554626,0.02086162567138672,0.9937036037445068,0.015472205355763435,0.05079754814505577,0.09865786135196686,0.00027845799922943115,0.03160237520933151,-1.7225351029992453e-06
1790731907586689024,1790731907586689024,1,1.8594688177108765,-0.6391463875770569,-8.074676513671875,0.04799140244722366,0.411853551864624,-0.05209299549460411,-1.031389594078064,0.19853369891643524,0.02574443817138672,0.9936804175376892,0.015291746705770493,0.05127708241343498,0.09867222607135773,-0.0033589552622288465,0.021687036380171776,-1.0721262242441298e-06
1790731907637690112,1790731907637690112,1,1.8605719804763794,-0.6178852319717407,-8.077305793762207,-0.004782058298587799,0.4218546152114868,-0.05117008090019226,-1.0368266105651855,0.1934223473072052,0.035317420959472656,0.9936639666557312,0.015078114345669746,0.05162755772471428,0.09868694096803665,-0.00534018874168396,0.0180920772254467,-5.882345703867031e-07
1790731907685691136,1790731907685691136,1,1.859144926071167,-0.5974145531654358,-8.079734802246094,-0.05472312867641449,0.4310290515422821,-0.05021975561976433,-1.0421451330184937,0.18856284022331238,0.03659820556640625,0.9936503171920776,0.014866232872009277,0.05192599445581436,0.0987010970711708,-0.005471046082675457,0.01757900044322014,-2.2059739990254457e-07
1790731907736692224,1790731907736692224,1,1.8549965620040894,-0.5751887559890747,-8.082258224487305,-0.10797204077243805,0.44050678610801697,-0.0487581230700016,-1.0445308685302734,0.18299807608127594,0.04546833038330078,0.9936426877975464,0.014614653773605824,0.05211387202143669,0.09871627390384674,-0.006991492584347725,0.01255413144826889,-1.6326335838812156e-08
1790731907787693312,1790731907787693312,1,1.8481303453445435,-0.552486777305603,-8.084696769714355,-0.1613033562898636,0.4496975541114807,-0.04699283465743065,-1.0456146001815796,0.17733436822891235,0.049571990966796875,0.9936396479606628,0.014345268718898296,0.052216604351997375,0.09873156994581223,-0.007619825191795826,0.010600236244499683,8.94579521570904e-09
1790731907838694400,1790731907838694400,1,1.8385417461395264,-0.5293232202529907,-8.08704662322998,-0.2147068828344345,0.4586017429828644,-0.04516587033867836,-1.046467900276184,0.17158718407154083,0.054183006286621094,0.9936372637748718,0.01406860165297985,0.05230823531746864,0.0987471491098404,-0.010120372287929058,0.00408910121768713,9.399270339827126e-08
1790731907886695424,1790731907886695424,1,1.8270299434661865,-0.5071142315864563,-8.089166641235352,-0.26494544744491577,0.4667084217071533,-0.043226566165685654,-1.045342206954956,0.1660224199295044,0.055904388427734375,0.9936403632164001,0.013790225610136986,0.05229586735367775,0.0987619012594223,-0.0094701973721385,0.005631906911730766,-3.933220682483807e-08
1790731907940696576,1790731907940696576,1,1.8111990690231323,-0.481672465801239,-8.091429710388184,-0.3213193714618683,0.4754990339279175,-0.04055701568722725,-1.0410317182540894,0.15945234894752502,0.06678390502929688,0.9936502575874329,0.0134541941806674,0.05216250196099281,0.09877869486808777,-0.012791518121957779,-0.004022631794214249,-3.626420834734745e-07
1790731907985697536,1790731907985697536,1,1.7956874370574951,-0.46011510491371155,-8.093191146850586,-0.36802977323532104,0.4825453758239746,-0.03799346461892128,-1.034616470336914,0.15381351113319397,0.05883216857910156,0.9936696887016296,0.013136003166437149,0.05184615030884743,0.09879298508167267,-0.008080565370619297,0.006231204606592655,-1.2853419093517005e-06
1790731908036698624,1790731908036698624,1,1.7755725383758545,-0.4353071451187134,-8.095056533813477,-0.42074355483055115,0.49023789167404175,-0.0352422259747982,-1.0296183824539185,0.14735567569732666,0.06838321685791016,0.9936819076538086,0.012796718627214432,0.051665086299180984,0.09880949556827545,-0.013580243103206158,-0.009247970767319202,-1.450211016162939e-06
1790731908087699712,1790731908087699712,1,1.7527782917022705,-0.41011548042297363,-8.096773147583008,-0.4730664789676666,0.49759575724601746,-0.03216371685266495,-1.0215351581573486,0.14092779159545898,0.07226276397705078,0.9937025308609009,0.012440129183232784,0.05132318288087845,0.09882562607526779,-0.014615055173635483,-0.008867919445037842,-2.05634910344088e-06
1790731908138700800,1790731908138700800,1,1.7273255586624146,-0.38455697894096375,-8.098333358764648,-0.524979829788208,0.5046186447143555,-0.02903950773179531,-1.0126762390136719,0.1342741847038269,0.076019287109375,0.9937254786491394,0.012067344971001148,0.05093448609113693,0.09884224832057953,-0.01623436249792576,-0.014152389019727707,-2.706857003431651e-06
1790731908186701824,1790731908186701824,1,1.7009632587432861,-0.3601824939250946,-8.099647521972656,-0.5733365416526794,0.5109103918075562,-0.025806408375501633,-1.0014878511428833,0.12784287333488464,0.07622623443603516,0.9937546253204346,0.011691964231431484,0.05042015388607979,0.09885800629854202,-0.01503897923976183,-0.011486908420920372,-3.803978870564606e-06
1790731908237702912,1790731908237702912,1,1.670424461364746,-0.33396217226982117,-8.100870132446289,-0.6241302490234375,0.5172555446624756,-0.022238433361053467,-0.9887773990631104,0.12080967426300049,0.08114242553710938,0.9937868118286133,0.011280513368546963,0.04984263330698013,0.09887513518333435,-0.017206726595759392,-0.019448798149824142,-4.840303972741822e-06
1790731908285703936,1790731908285703936,1,1.6393307447433472,-0.3089965581893921,-8.10185432434082,-0.6713177561759949,0.5229009389877319,-0.0188430342823267,-0.9760230183601379,0.11414335668087006,0.0810689926147461,0.9938194751739502,0.010881628841161728,0.04924460127949715,0.09889145940542221,-0.018314899876713753,-0.02139558270573616,-5.86479063713341e-06
1790731908336705024,1790731908336705024,1,1.6038298606872559,-0.28218263387680054,-8.102715492248535,-0.720702052116394,0.5285417437553406,-0.014983967877924442,-0.9596487879753113,0.10690882802009583,0.08537864685058594,0.9938597083091736,0.010440647602081299,0.048486337065696716,0.09890882670879364,-0.019596384838223457,-0.025739241391420364,-7.291456768143689e-06
1790731908387706112,1790731908387706112,1,1.565832257270813,-0.2550904452800751,-8.103376388549805,-0.7692104578018188,0.533811092376709,-0.011000881902873516,-0.9418152570724487,0.0995728000998497,0.08613014221191406,0.993903636932373,0.009983103722333908,0.047640129923820496,0.09892641007900238,-0.020475449040532112,-0.02840135432779789,-8.897972293198109e-06
1790731908435707136,1790731908435707136,1,1.5278303623199463,-0.2293548285961151,-8.103814125061035,-0.8140275478363037,0.5384259819984436,-0.007310121785849333,-0.9243569374084473,0.09249334782361984,0.0851287841796875,0.9939461350440979,0.009537879377603531,0.04680206626653671,0.0989433079957962,-0.021416107192635536,-0.031252339482307434,-1.0380265848652925e-05
1790731908486708224,1790731908486708224,1,1.485120415687561,-0.20177742838859558,-8.104081153869629,-0.860657274723053,0.5429539084434509,-0.0032215879764407873,-0.9034048318862915,0.08488168567419052,0.0875234603881836,0.9939953088760376,0.009051031433045864,0.04580545797944069,0.09896126389503479,-0.022640392184257507,-0.03561658039689064,-1.2234731912030838e-05
1790731908537709312,1790731908537709312,1,1.440060019493103,-0.1739790141582489,-8.104137420654297,-0.9061771035194397,0.5470921993255615,0.0009120749309659004,-0.8809834122657776,0.07718680053949356,0.08691120147705078,0.994047224521637,0.00854931678622961,0.044723380357027054,0.09897936135530472,-0.023619167506694794,-0.03831184655427933,-1.4242097677197307e-05
1790731908585710336,1790731908585710336,1,1.3955556154251099,-0.14763182401657104,-8.10400104522705,-0.9479615688323975,0.550624668598175,0.004702424630522728,-0.859046995639801,0.069753497838974,0.08496570587158203,0.9940969347953796,0.008061527274549007,0.0436570942401886,0.09899669885635376,-0.024634381756186485,-0.041180338710546494,-1.6125672118505463e-05
1790731908636711424,1790731908636711424,1,1.3461018800735474,-0.11946199089288712,-8.103655815124512,-0.9911437630653381,0.5539849996566772,0.008802378550171852,-0.8336384296417236,0.06180190667510033,0.0854654312133789,0.9941524267196655,0.0075318715535104275,0.042428214102983475,0.09901504963636398,-0.02565677836537361,-0.04516235366463661,-1.8344095224165358e-05
1790731908684712448,1790731908684712448,1,1.2975751161575317,-0.09280171990394592,-8.10313892364502,-1.0305685997009277,0.5567772388458252,0.012615920044481754,-0.8084374666213989,0.054287876933813095,0.08210945129394531,0.9942064881324768,0.007021380588412285,0.041193004697561264,0.09903234243392944,-0.02684095874428749,-0.0466725118458271,-2.0569275875459425e-05
1790731908735713536,1790731908735713536,1,1.243975281715393,-0.064338319003582,-8.10239315032959,-1.071104645729065,0.559341549873352,0.01657922938466072,-0.7803692817687988,0.04607430845499039,0.08143138885498047,0.9942641854286194,0.0064636776223778725,0.039824239909648895,0.09905094653367996,-0.027584079653024673,-0.05141647905111313,-2.2939490008866414e-05
1790731908786714624,1790731908786714624,1,1.1883453130722046,-0.035754770040512085,-8.101447105407715,-1.1101653575897217,0.5614889860153198,0.0204573106020689,-0.7508062124252319,0.03781784698367119,0.0785989761352539,0.9943228363990784,0.005893704481422901,0.038373928517103195,0.09906958788633347,-0.0285657811909914,-0.05404094606637955,-2.5444302082178183e-05
1790731908837715712,1790731908837715712,1,1.1307618618011475,-0.007072521839290857,-8.10030746459961,-1.1476918458938599,0.5632094144821167,0.02415577694773674,-0.7199979424476624,0.02930842526257038,0.07596206665039062,0.9943815469741821,0.0053052641451358795,0.036861006170511246,0.09908846765756607,-0.029036661610007286,-0.057602860033512115,-2.8037458832841367e-05
1790731908885716736,1790731908885716736,1,1.0748534202575684,0.01999301090836525,-8.099065780639648,-1.1815414428710938,0.5644339919090271,0.027506329119205475,-0.6896862983703613,0.021288156509399414,0.0718069076538086,0.9944369792938232,0.004741286393254995,0.03536544367671013,0.09910614788532257,-0.03060024045407772,-0.059821877628564835,-3.057828143937513e-05
1790731908936717824,1790731908936717824,1,1.0137107372283936,0.04880392551422119,-8.097572326660156,-1.215875267982483,0.5653113722801208,0.030944110825657845,-0.6560477018356323,0.012763912789523602,0.06857776641845703,0.9944953918457031,0.004136699251830578,0.03370704874396324,0.0991247370839119,-0.031245654448866844,-0.06293380260467529,-3.3289445127593353e-05
1790731908987718912,1790731908987718912,1,0.9508610963821411,0.07764852792024612,-8.095909118652344,-1.2484633922576904,0.565754234790802,0.034174006432294846,-0.6211887001991272,0.004166631959378719,0.0637054443359375,0.9945529103279114,0.0035207397304475307,0.03198174387216568,0.09914325177669525,-0.032230205833911896,-0.06571941077709198,-3.6053697840543464e-05
1790731909035719936,1790731909035719936,1,0.8902304768562317,0.10480710864067078,-8.09420108795166,-1.2774837017059326,0.565764307975769,0.03695756942033768,-0.5871677398681641,-0.0041548870503902435,0.05865669250488281,0.9946058392524719,0.0029228541534394026,0.03029589354991913,0.0991608202457428,-0.033326685428619385,-0.06850618124008179,-3.880519943777472e-05
1790731909086721024,1790731909086721024,1,0.8243293762207031,0.1336526870727539,-8.092243194580078,-1.3064966201782227,0.5653384327888489,0.03971964865922928,-0.5498448014259338,-0.012954534962773323,0.054060935974121094,0.9946602582931519,0.0022850558161735535,0.02844810299575329,0.099179208278656,-0.03364308178424835,-0.07095884531736374,-4.163409539614804e-05
1790731909137722112,1790731909137722112,1,0.7569976449012756,0.16246508061885834,-8.090152740478516,-1.3335767984390259,0.5644590854644775,0.04218011349439621,-0.5111653804779053,-0.022017143666744232,0.04865074157714844,0.9947127103805542,0.0016276180977001786,0.026530856266617775,0.09919767081737518,-0.033326294273138046,-0.0730685219168663,-4.467656253837049e-05
1790731909188723200,1790731909188723200,1,0.6883354187011719,0.1912209391593933,-8.087944030761719,-1.3586610555648804,0.5631218552589417,0.0443531833589077,-0.4713982045650482,-0.031094135716557503,0.042675018310546875,0.9947624206542969,0.0009627030813135207,0.024556588381528854,0.09921592473983765,-0.03385159373283386,-0.07542670518159866,-4.767963400809094e-05
1790731909236724224,1790731909236724224,1,0.6225891709327698,0.21821270883083344,-8.085769653320312,-1.3804049491882324,0.5614500045776367,0.04612800106406212,-0.4335504472255707,-0.039298638701438904,0.035241127014160156,0.9948059916496277,0.0003473156248219311,0.022668253630399704,0.09923235327005386,-0.03796280547976494,-0.07966350764036179,-5.007325307815336e-05
1790731909284725248,1790731909284725248,1,0.5558435916900635,0.2451145052909851,-8.083517074584961,-1.40029776096344,0.5593738555908203,0.047610677778720856,-0.3948683440685272,-0.047433916479349136,0.028474807739257812,0.9948464035987854,-0.000264418515143916,0.020743098109960556,0.09924838691949844,-0.039454277604818344,-0.08191327750682831,-5.226294160820544e-05
1790731909335726336,1790731909335726336,1,0.48393166065216064,0.2735774517059326,-8.08105754852295,-1.41935396194458,0.5567179322242737,0.04880841076374054,-0.35177847743034363,-0.05681377649307251,0.02289295196533203,0.9948864579200745,-0.0009566443040966988,0.01860732026398182,0.09926597028970718,-0.036771178245544434,-0.0819028690457344,-5.539656194741838e-05
1790731909386727424,1790731909386727424,1,0.4111036956310272,0.301893025636673,-8.078543663024902,-1.4362183809280396,0.5535996556282043,0.04965992271900177,-0.30827388167381287,-0.06608089804649353,0.015655517578125,0.9949219822883606,-0.0016496021999046206,0.016442453488707542,0.09928308427333832,-0.03759416937828064,-0.08487239480018616,-5.824052277603187e-05
1790731909434728448,1790731909434728448,1,0.34182414412498474,0.3283871114253998,-8.076149940490723,-1.4500322341918945,0.5502303838729858,0.050076842308044434,-0.2660295367240906,-0.07494664192199707,0.008433341979980469,0.994951605796814,-0.002315794350579381,0.01434050127863884,0.09929902106523514,-0.039045099169015884,-0.08738682419061661,-6.114724965300411e-05
1790731909485729536,1790731909485729536,1,0.26754385232925415,0.3563483655452728,-8.073588371276855,-1.46249258518219,0.5461967587471008,0.050228606909513474,-0.22160565853118896,-0.08386467397212982,0.0012197494506835938,0.994977593421936,-0.0029955552890896797,0.01213049702346325,0.09931491315364838,-0.040670476853847504,-0.08959981054067612,-6.316046346910298e-05
1790731909536730624,1790731909536730624,1,0.19268634915351868,0.3840920627117157,-8.071032524108887,-1.4726474285125732,0.5416951179504395,0.049929179251194,-0.17544935643672943,-0.09321059286594391,-0.0062122344970703125,0.9949989318847656,-0.0037019888404756784,0.009837780147790909,0.0993308424949646,-0.03984571248292923,-0.09010843187570572,-6.583845242857933e-05
1790731909587731712,1790731909587731712,1,0.11737126111984253,0.411594033241272,-8.068502426147461,-1.480420708656311,0.5367105603218079,0.04919090121984482,-0.12787213921546936,-0.102876216173172,-0.0130462646484375,0.9950149655342102,-0.004429814405739307,0.007477741688489914,0.09934666752815247,-0.037794001400470734,-0.0896785631775856,-6.890368240419775e-05
1790731909635732736,1790731909635732736,1,0.04617846757173538,0.43723517656326294,-8.06616497039795,-1.4855281114578247,0.531579852104187,0.048127058893442154,-0.08308544754981995,-0.11178528517484665,-0.021203994750976562,0.9950245022773743,-0.005110496189445257,0.005247290711849928,0.09936091303825378,-0.040906406939029694,-0.09432395547628403,-7.130696758395061e-05
1790731909686733824,1790731909686733824,1,-0.029672794044017792,0.4641971290111542,-8.063746452331543,-1.4885581731796265,0.5256513357162476,0.04661517217755318,-0.03443837910890579,-0.12132208049297333,-0.026869773864746094,0.9950288534164429,-0.005835391581058502,0.0028396854177117348,0.09937559068202972,-0.03792192041873932,-0.09106117486953735,-7.37420268706046e-05
1790731909740734976,1790731909740734976,1,-0.11008328199386597,0.49240171909332275,-8.061281204223633,-1.4890811443328857,0.518852949142456,0.04461216181516647,0.017133712768554688,-0.13136126101016998,-0.03322315216064453,0.9950266480445862,-0.00659865140914917,0.00028605564148165286,0.09939040243625641,-0.0341046005487442,-0.08840952068567276,-7.596051000291482e-05
1790731909785735936,1790731909785735936,1,-0.1770631968975067,0.5156155824661255,-8.059313774108887,-1.4874458312988281,0.5128040909767151,0.04261906072497368,0.05777599662542343,-0.1387881189584732,-0.045805931091308594,0.9950199127197266,-0.007191502954810858,-0.0017540339613333344,0.09940160810947418,-0.04809674248099327,-0.10432403534650803,-7.612257468281314e-05
1790731909836737024,1790731909836737024,1,-0.252826988697052,0.5415841341018677,-8.057208061218262,-1.4831891059875488,0.5054746270179749,0.03985637426376343,0.10893086344003677,-0.148439422249794,-0.04798126220703125,0.9950053095817566,-0.0079263374209404,-0.004269981756806374,0.09941497445106506,-0.038220521062612534,-0.09112884104251862,-7.869911496527493e-05
1790731909884738048,1790731909884738048,1,-0.32387927174568176,0.5656733512878418,-8.0553617477417,-1.4768917560577393,0.49814996123313904,0.03695298731327057,0.15558205544948578,-0.1574063003063202,-0.05630302429199219,0.9949857592582703,-0.008614012971520424,-0.006590237841010094,0.09942658990621567,-0.04060440883040428,-0.09817203134298325,-8.030682511162013e-05
1790731909935739136,1790731909935739136,1,-0.3989795446395874,0.590871274471283,-8.053560256958008,-1.4677495956420898,0.4899141192436218,0.03359583020210266,0.20433710515499115,-0.16637687385082245,-0.060741424560546875,0.9949594736099243,-0.009312582202255726,-0.009004739113152027,0.09943807125091553,-0.040587086230516434,-0.09714504331350327,-8.092822827165946e-05
1790731909986740224,1790731909986740224,1,-0.4735497236251831,0.6156374216079712,-8.05194091796875,-1.456085443496704,0.4812096357345581,0.029791677370667458,0.2545754015445709,-0.17566648125648499,-0.06665802001953125,0.9949257969856262,-0.01002921350300312,-0.011487803421914577,0.0994492694735527,-0.0381799153983593,-0.09446224570274353,-8.229170634876937e-05
1790731910034741248,1790731910034741248,1,-0.543133020401001,0.6385307908058167,-8.050602912902832,-1.4427911043167114,0.4725940525531769,0.02587558887898922,0.3012174665927887,-0.1841890960931778,-0.07425308227539062,0.9948884844779968,-0.010694026947021484,-0.01380132045596838,0.09945910423994064,-0.04202478006482124,-0.09990432113409042,-8.305077062686905e-05
1790731910085742336,1790731910085742336,1,-0.6163045167922974,0.662390410900116,-8.04939079284668,-1.4262135028839111,0.46299639344215393,0.021534230560064316,0.34991970658302307,-0.1928638517856598,-0.0768423080444336,0.994843602180481,-0.011375535279512405,-0.01621122658252716,0.09946881234645844,-0.040872104465961456,-0.09725705534219742,-8.298694592667744e-05
1790731910136743424,1790731910136743424,1,-0.6885668039321899,0.6857491135597229,-8.048413276672363,-1.4071195125579834,0.45294174551963806,0.016787076368927956,0.39997947216033936,-0.20193977653980255,-0.08148956298828125,0.9947910308837891,-0.01207816693931818,-0.018682360649108887,0.09947814047336578,-0.03761842101812363,-0.09382469952106476,-8.373569289688021e-05
1790731910184744448,1790731910184744448,1,-0.7556322813034058,0.7072553634643555,-8.047719955444336,-1.3868489265441895,0.4430679678916931,0.01204089354723692,0.44614145159721375,-0.2102297842502594,-0.08817005157470703,0.9947365522384644,-0.012727093882858753,-0.02096850611269474,0.09948614239692688,-0.0415102019906044,-0.09946292638778687,-8.386962144868448e-05
1790731910235745536,1790731910235745536,1,-0.8257622122764587,0.729575514793396,-8.047234535217285,-1.3628944158554077,0.4321490526199341,0.006925426423549652,0.4938788414001465,-0.21855300664901733,-0.0884542465209961,0.9946744441986084,-0.013386933133006096,-0.02333255112171173,0.09949401766061783,-0.04016181826591492,-0.09601381421089172,-8.305693336296827e-05
1790731910286746624,1790731910286746624,1,-0.8946096897125244,0.7513282299041748,-8.047005653381348,-1.3365744352340698,0.42082545161247253,0.001789786503650248,0.539318859577179,-0.2263236790895462,-0.09319496154785156,0.9946098923683167,-0.014007397927343845,-0.02558506652712822,0.0995010957121849,-0.043998196721076965,-0.10049358755350113,-8.11658610473387e-05
1790731910334747648,1790731910334747648,1,-0.9581267833709717,0.7712642550468445,-8.04704761505127,-1.3095498085021973,0.4097592234611511,-0.003671858226880431,0.5861405730247498,-0.23458914458751678,-0.09942150115966797,0.9945381879806519,-0.014646738767623901,-0.02788355015218258,0.09950782358646393,-0.04087105765938759,-0.09621613472700119,-8.156921103363857e-05
1790731910385748736,1790731910385748736,1,-1.0241326093673706,0.791853666305542,-8.04737663269043,-1.2784733772277832,0.39759132266044617,-0.009378394111990929,0.6327553987503052,-0.24279913306236267,-0.09618091583251953,0.9944601058959961,-0.01529756560921669,-0.030201252549886703,0.09951374679803848,-0.038439687341451645,-0.09350312501192093,-8.066865848377347e-05
1790731910436749824,1790731910436749824,1,-1.0884923934936523,0.8118119239807129,-8.048006057739258,-1.2449876070022583,0.38499778509140015,-0.015332687646150589,0.6802371144294739,-0.25125211477279663,-0.09678173065185547,0.9943751692771912,-0.01595725677907467,-0.03254687041044235,0.09951914101839066,-0.034907061606645584,-0.08892723172903061,-8.034660277189687e-05
1790731910487750912,1790731910487750912,1,-1.1510838270187378,0.8311172723770142,-8.048940658569336,-1.209130883216858,0.37199079990386963,-0.021330328658223152,0.726127028465271,-0.25934696197509766,-0.09609508514404297,0.9942871332168579,-0.0165962316095829,-0.034823499619960785,0.09952380508184433,-0.03415913134813309,-0.08787190914154053,-7.944257231429219e-05
1790731910538752000,1790731910538752000,1,-1.2117881774902344,0.8497493863105774,-8.050171852111816,-1.1710237264633179,0.35860252380371094,-0.02712373062968254,0.7689037919044495,-0.26664862036705017,-0.09568595886230469,0.9941998720169067,-0.017185067757964134,-0.03695394843816757,0.09952786564826965,-0.03800346329808235,-0.09150843322277069,-7.719304994679987e-05
1790731910583752960,1790731910583752960,1,-1.2636926174163818,0.8656145930290222,-8.051509857177734,-1.135502576828003,0.3464530110359192,-0.0325908437371254,0.8082602024078369,-0.2732221484184265,-0.1048879623413086,0.9941170811653137,-0.017702370882034302,-0.038874924182891846,0.09953173249959946,-0.04289650917053223,-0.09508450329303741,-7.543474202975631e-05
1790731910634754048,1790731910634754048,1,-1.3205336332321167,0.8829250335693359,-8.053321838378906,-1.093148946762085,0.3323191702365875,-0.038469348102808,0.8504133224487305,-0.28040575981140137,-0.09163379669189453,0.9940208196640015,-0.018288729712367058,-0.04099868983030319,0.0995350107550621,-0.03458014875650406,-0.08232784271240234,-7.328812353080139e-05
1790731910685755136,1790731910685755136,1,-1.3751615285873413,0.8995057344436646,-8.055418968200684,-1.0487362146377563,0.3178403675556183,-0.04408970847725868,0.8906329274177551,-0.28749215602874756,-0.0896749496459961,0.9939253330230713,-0.018850989639759064,-0.04300478845834732,0.09953723102807999,-0.03458654135465622,-0.08401836454868317,-7.07007638993673e-05
1790731910736756224,1790731910736756224,1,-1.4274705648422241,0.9153388142585754,-8.057815551757812,-1.002211570739746,0.30298933386802673,-0.04990805685520172,0.9316006898880005,-0.2946963310241699,-0.0859832763671875,0.9938240051269531,-0.0194206815212965,-0.04504109174013138,0.09953916072845459,-0.030656224116683006,-0.07738350331783295,-6.88795989844948e-05
1790731910790757376,1790731910790757376,1,-1.480211615562439,0.9312673807144165,-8.060670852661133,-0.9507501721382141,0.28688332438468933,-0.05574938282370567,0.9723419547080994,-0.3018166422843933,-0.07515907287597656,0.9937172532081604,-0.019995244219899178,-0.047096047550439835,0.09954067319631577,-0.023513110354542732,-0.06737224757671356,-6.65033730911091e-05
1790731910835758336,1790731910835758336,1,-1.5220028162002563,0.943871021270752,-8.063263893127441,-0.9063828587532043,0.2732338309288025,-0.059969570487737656,1.000051498413086,-0.3060394525527954,-0.090240478515625,0.9936453700065613,-0.02034395933151245,-0.04843945801258087,0.09954242408275604,-0.046014558523893356,-0.0926368460059166,-6.16376637481153e-05
1790731910883759360,1790731910883759360,1,-1.5643401145935059,0.9566301703453064,-8.066267013549805,-0.8573212623596191,0.2583344578742981,-0.06521224230527878,1.0379068851470947,-0.31255942583084106,-0.08005332946777344,0.9935408234596252,-0.020859600976109505,-0.05032477527856827,0.09954393655061722,-0.029568005353212357,-0.06784046441316605,-6.0630456573562697e-05
1790731910934760448,1790731910934760448,1,-1.6066997051239014,0.9693961143493652,-8.069710731506348,-0.8035154342651367,0.2422279268503189,-0.06992196291685104,1.0705657005310059,-0.31860360503196716,-0.06498241424560547,0.9934428930282593,-0.0213563721626997,-0.052022531628608704,0.09954304993152618,-0.027429677546024323,-0.0688730925321579,-5.748771582148038e-05
1790731910985761536,1790731910985761536,1,-1.6462730169296265,0.981333315372467,-8.073379516601562,-0.7480711340904236,0.22584103047847748,-0.07424003630876541,1.1015440225601196,-0.3241521716117859,-0.05818462371826172,0.9933494925498962,-0.021807923913002014,-0.053595125675201416,0.09954233467578888,-0.029168816283345222,-0.0690227672457695,-5.417439388111234e-05
1790731911033762560,1790731911033762560,1,-1.6808980703353882,0.9917981028556824,-8.077038764953613,-0.6943702697753906,0.21013996005058289,-0.07838358730077744,1.131697416305542,-0.3294963836669922,-0.05700397491455078,0.9932584166526794,-0.02223057486116886,-0.05509098246693611,0.09954189509153366,-0.030144792050123215,-0.06676178425550461,-5.1484072173479944e-05
1790731911084763648,1790731911084763648,1,-1.7148258686065674,1.002084493637085,-8.08112621307373,-0.6358737349510193,0.19320422410964966,-0.08203870058059692,1.1588817834854126,-0.3342529237270355,-0.04139900207519531,0.9931691884994507,-0.022636795416474342,-0.05651671066880226,0.09954097867012024,-0.02695799618959427,-0.06008141487836838,-4.795546192326583e-05
1790731911135764736,1790731911135764736,1,-1.7457340955734253,1.0115002393722534,-8.08539867401123,-0.5759425163269043,0.17600366473197937,-0.08547555655241013,1.186559796333313,-0.3394348621368408,-0.03264808654785156,0.9930787086486816,-0.02304910123348236,-0.057926032692193985,0.09953930974006653,-0.02192923240363598,-0.05253693833947182,-4.4979198719374835e-05
1790731911183765760,1790731911183765760,1,-1.7720017433166504,1.0195555686950684,-8.089568138122559,-0.5183254480361938,0.15959377586841583,-0.08833306282758713,1.2101486921310425,-0.34389203786849976,-0.028764724731445312,0.9930000305175781,-0.023404736071825027,-0.05912241339683533,0.09953734278678894,-0.025746192783117294,-0.05629401654005051,-4.194687426206656e-05
1790731911234766848,1790731911234766848,1,-1.7968517541885376,1.0272456407546997,-8.09412670135498,-0.4559777081012726,0.141950786113739,-0.09055393189191818,1.2308568954467773,-0.3476214110851288,-0.012177467346191406,0.9929254651069641,-0.02373221330344677,-0.06023802235722542,0.09953559190034866,-0.02313373237848282,-0.04873502254486084,-3.823561200988479e-05
1790731911288768000,1790731911288768000,1,-1.8196656703948975,1.0344014167785645,-8.099071502685547,-0.3887639045715332,0.12303441017866135,-0.09249214082956314,1.2527179718017578,-0.3519538938999176,0.0037889480590820312,0.9928463101387024,-0.024084413424134254,-0.061394866555929184,0.09953287988901138,-0.01251528225839138,-0.03345801308751106,-3.486174682620913e-05
1790731911333768960,1790731911333768960,1,-1.8358865976333618,1.039581060409546,-8.103245735168457,-0.3320251703262329,0.10714506357908249,-0.09346211701631546,1.267049789428711,-0.35468655824661255,-0.006335258483886719,0.9927991628646851,-0.024291882291436195,-0.06207529827952385,0.09953106194734573,-0.030858086422085762,-0.05523299053311348,-3.159953485010192e-05
1790731911384770048,1790731911384770048,1,-1.8511615991592407,1.0445822477340698,-8.108034133911133,-0.26683005690574646,0.0889371857047081,-0.09433304518461227,1.2830456495285034,-0.35777488350868225,0.016325950622558594,0.9927359223365784,-0.024567509070038795,-0.06297557801008224,0.09952875971794128,-0.01858782395720482,-0.033067118376493454,-2.8439508241717704e-05
1790731911435771136,1790731911435771136,1,-1.8630939722061157,1.048651099205017,-8.112839698791504,-0.2009672075510025,0.0705932229757309,-0.09439606219530106,1.2961660623550415,-0.36091312766075134,0.026660919189453125,0.9926846623420715,-0.02481476403772831,-0.06368856132030487,0.09952488541603088,-0.0167602077126503,-0.032582782208919525,-2.5285680749220774e-05
1790731911486772224,1790731911486772224,1,-1.87165105342865,1.0517807006835938,-8.117637634277344,-0.13448995351791382,0.052111875265836716,-0.09396222978830338,1.3067715167999268,-0.3635093867778778,0.03708839416503906,0.9926419854164124,-0.025027316063642502,-0.06427380442619324,0.0995209664106369,-0.016405578702688217,-0.029663460329174995,-2.2418591470341198e-05
1790731911534773248,1790731911534773248,1,-1.8765976428985596,1.0538626909255981,-8.122114181518555,-0.07154057174921036,0.03462621569633484,-0.09282976388931274,1.3132246732711792,-0.36501961946487427,0.039406776428222656,0.9926172494888306,-0.02514796145260334,-0.06461197882890701,0.09951867908239365,-0.023014886304736137,-0.03279726579785347,-1.9664546925923787e-05
1790731911585774336,1790731911585774336,1,-1.8785300254821777,1.055151104927063,-8.126821517944336,-0.0041310046799480915,0.015884295105934143,-0.09176921844482422,1.3227936029434204,-0.36786049604415894,0.056036949157714844,0.9925768375396729,-0.025362350046634674,-0.06515364348888397,0.09951391816139221,-0.00895870290696621,-0.012600656598806381,-1.7208332792506553e-05
1790731911633775360,1790731911633775360,1,-1.8772021532058716,1.0554890632629395,-8.131174087524414,0.05950918421149254,-0.0018207754474133253,-0.0898372009396553,1.3261892795562744,-0.36961671710014343,0.06223487854003906,0.9925599694252014,-0.025490792468190193,-0.06536760926246643,0.09950888156890869,-0.014597993344068527,-0.02065814472734928,-1.4988459952292033e-05
1790731911684776448,1790731911684776448,1,-1.872438907623291,1.054913878440857,-8.135688781738281,0.1273052990436554,-0.020723555237054825,-0.08724452555179596,1.3275598287582397,-0.370953768491745,0.07983112335205078,0.9925467371940613,-0.02560429275035858,-0.06553155183792114,0.09950392693281174,-0.009542837738990784,-0.009084300138056278,-1.2775408322340809e-05
1790731911735777536,1790731911735777536,1,-1.8642160892486572,1.053372859954834,-8.140060424804688,0.19516678154468536,-0.03970896452665329,-0.08423073589801788,1.3282760381698608,-0.3726224899291992,0.08994865417480469,0.9925386905670166,-0.025711460039019585,-0.06561961770057678,0.09949801117181778,-0.004301804583519697,-0.0010345568880438805,-1.082878043234814e-05
1790731911783778560,1790731911783778560,1,-1.853316307067871,1.0510368347167969,-8.144024848937988,0.25897201895713806,-0.05763082206249237,-0.0809120237827301,1.325940728187561,-0.37362274527549744,0.09555530548095703,0.9925428032875061,-0.025771962478756905,-0.06554417312145233,0.09949221462011337,-0.007106822449713945,-0.0020841178484261036,-9.362887794850394e-06
