timestamp_ns,px,py,pz,vx,vy,vz,ax,ay,az,qw,qx,qy,qz,wx,wy,wz,cmd_vx,cmd_vy,cmd_vz,collision,wall_elapsed_s
1790556427483333376,0.06139358505606651,0.00017169385682791471,-8.186936378479004,1.3163435459136963,0.0009005094179883599,-0.18956395983695984,-1.4521344900131226,0.0017292654374614358,-0.0909433364868164,0.995655357837677,-0.004225664306432009,0.07218066602945328,-0.05867324769496918,-0.007506382651627064,0.0610758475959301,0.0007755289552733302,-0.034371347655228285,-0.6064611461655101,0.12150864601135254,0,0.055009960000006686
1790556427537334528,0.13056622445583344,0.00019708334002643824,-8.195807456970215,1.2471320629119873,-0.0014838885981589556,-0.12643522024154663,-1.3054375648498535,-0.15775935351848602,1.1014280319213867,0.9955407977104187,-0.013885995373129845,0.07312996685504913,-0.057945508509874344,-0.34263038635253906,-0.021126409992575645,0.0006193887675181031,-0.09208809713765301,-0.6064599211426112,0.12727484703063965,0,0.05690164000043296
1790556427585335552,0.18887025117874146,-0.00010507613478694111,-8.200976371765137,1.1812931299209595,-0.012078242376446724,-0.09440001100301743,-1.4176281690597534,-0.28985628485679626,0.3942575454711914,0.9954578876495361,-0.020064927637577057,0.07319541275501251,-0.05747540667653084,-0.32377687096595764,-0.006122373975813389,0.0004994311020709574,-0.1413205716776964,-0.6060225491364563,0.13063464164733887,0,0.10470289000022603
1790556427633336576,0.2439163476228714,-0.0010686436435207725,-8.205201148986816,1.1119602918624878,-0.028849732130765915,-0.08357877284288406,-1.4548035860061646,-0.3930700421333313,0.15827178955078125,0.9953867197036743,-0.02474200166761875,0.07301564514636993,-0.05711296200752258,-0.18964461982250214,-0.017972636967897415,0.0003965044452343136,-0.18842890511961027,-0.6049433849293615,0.13338074684143067,0,0.15241139900035705
1790556427684337664,0.29872962832450867,-0.003090859390795231,-8.209311485290527,1.037527322769165,-0.0510750338435173,-0.07795250415802002,-1.4551271200180054,-0.46610164642333984,0.11847400665283203,0.9953452944755554,-0.028210582211613655,0.07253757864236832,-0.05683514475822449,-0.09971975535154343,-0.030833646655082703,0.0003062265459448099,-0.2360823948063133,-0.6029158206296515,0.13605246543884278,0,0.20286325100005342
1790556427732338688,0.3468591570854187,-0.00609793234616518,-8.212929725646973,0.967949390411377,-0.0745476558804512,-0.07267456501722336,-1.4395902156829834,-0.5057656764984131,0.1373128890991211,0.9953503012657166,-0.030162673443555832,0.07181215286254883,-0.05666607618331909,-0.05112701654434204,-0.031162302941083908,0.00023984131985343993,-0.2786690781164218,-0.6000719643580381,0.13840432167053224,0,0.2524714210003367
1790556427783339776,0.3943623900413513,-0.010568293742835522,-8.216452598571777,0.8950934410095215,-0.10093123465776443,-0.06525759398937225,-1.4143694639205933,-0.5249446630477905,0.17721939086914062,0.9953985810279846,-0.03114309534430504,0.07079973071813583,-0.05656187981367111,-0.01763509027659893,-0.038829702883958817,0.00018809825996868312,-0.3215346031156674,-0.5959900332654695,0.1406941890716553,0,0.3024595180004326
1790556427834340864,0.4381830394268036,-0.0164024718105793,-8.219555854797363,0.8235588669776917,-0.1278875321149826,-0.056184180080890656,-1.3874263763427734,-0.5284156799316406,0.20751953125,0.9954760074615479,-0.03130311518907547,0.06966914981603622,-0.05651509761810303,0.008651929907500744,-0.046117302030324936,0.00015206470561679453,-0.36198071857071523,-0.5907837082420739,0.14271130561828613,0,0.35222058100043796
1790556427882341888,0.4761253893375397,-0.023149045184254646,-8.222021102905273,0.7575588822364807,-0.15316185355186462,-0.04642327129840851,-1.359981894493103,-0.5215575098991394,0.22495365142822266,0.9955733418464661,-0.030901992693543434,0.06845218688249588,-0.0565069206058979,0.028091318905353546,-0.04578696936368942,0.0001291319349547848,-0.39787451892284004,-0.5848506753513185,0.14431371688842773,0,0.40217670700030794
1790556427933342976,0.5130053758621216,-0.03163360059261322,-8.224098205566406,0.688947856426239,-0.17943401634693146,-0.03506733849644661,-1.328418493270874,-0.5061759352684021,0.2394857406616211,0.9956962466239929,-0.030047306790947914,0.06701634079217911,-0.056524839252233505,0.04379541054368019,-0.051313675940036774,0.00011382332013454288,-0.43374579053396023,-0.5774614507416636,0.14566383361816407,0,0.4523358520000329
1790556427984344064,0.54642653465271,-0.04143551364541054,-8.225589752197266,0.6219280362129211,-0.20476652681827545,-0.023416848853230476,-1.2970612049102783,-0.48473551869392395,0.24280071258544922,0.99582839012146,-0.02885778434574604,0.06552622467279434,-0.056564487516880035,0.0549100823700428,-0.05651585012674332,0.00010491807188373059,-0.4673292446578249,-0.5689799391052757,0.14663333892822267,0,0.5026580680000734
1790556428032345088,0.5747960209846497,-0.05181499570608139,-8.226447105407715,0.5603523254394531,-0.22751495242118835,-0.01244448684155941,-1.2664201259613037,-0.4608764350414276,0.23812294006347656,0.9959607124328613,-0.027521448209881783,0.06402845680713654,-0.05661386251449585,0.06331204622983932,-0.05549619719386101,0.00010113717871718109,-0.49689113474158964,-0.5600322967128251,0.14719061851501467,0,0.5521639400003551
1790556428083346176,0.6017413139343262,-0.06400652974843979,-8.226784706115723,0.4965912103652954,-0.250338613986969,-0.0008840262889862061,-1.23207426071167,-0.43244513869285583,0.2335805892944336,0.9961063265800476,-0.02594502829015255,0.062347110360860825,-0.0566742904484272,0.06891578435897827,-0.059461526572704315,0.0001004897931125015,-0.5261751001808512,-0.5495418654269292,0.14741005897521972,0,0.6020392720001837
1790556428134347264,0.625478982925415,-0.07732437551021576,-8.226542472839355,0.43456122279167175,-0.2716602087020874,0.01012628898024559,-1.197960376739502,-0.4017937183380127,0.22322559356689453,0.996250331401825,-0.024243956431746483,0.06064527481794357,-0.05674189329147339,0.07206167280673981,-0.06320340931415558,0.00010152142203878611,-0.5533208164344494,-0.5380860409838488,0.14725260734558107,0,0.6522798630003308
1790556428182348288,0.6449697613716125,-0.09081671386957169,-8.22581672668457,0.3777986764907837,-0.2902727425098419,0.019927477464079857,-1.1650696992874146,-0.3719240725040436,0.20889854431152344,0.9963854551315308,-0.022578217089176178,0.05898403003811836,-0.05680791288614273,0.07553421705961227,-0.06189011409878731,0.00010380398452980444,-0.5769640391031556,-0.5264693350644726,0.1467808723449707,0,0.7022257590001573
1790556428233349376,0.6627374887466431,-0.1060912162065506,-8.224541664123535,0.31926196813583374,-0.30844491720199585,0.029813064262270927,-1.128684163093567,-0.3393735885620117,0.1972217559814453,0.9965267181396484,-0.020778020843863487,0.057163335382938385,-0.05687842518091202,0.07656802982091904,-0.06467018276453018,0.0001068978090188466,-0.6001126622841786,-0.5132920613339004,0.14595208168029786,0,0.7524038740002652
1790556428284350464,0.677566409111023,-0.12225016206502914,-8.222786903381348,0.26255857944488525,-0.3249472975730896,0.03884488716721535,-1.0925779342651367,-0.30623915791511536,0.18251991271972656,0.996661901473999,-0.018947388976812363,0.05534166842699051,-0.056950248777866364,0.07593974471092224,-0.06727170199155807,0.00010979118087561801,-0.621284235033913,-0.49931011901165806,0.14481148719787598,0,0.802416603000438
1790556428332351488,0.6889228820800781,-0.13818968832492828,-8.220730781555176,0.21089231967926025,-0.3389413356781006,0.04661637917160988,-1.0581531524658203,-0.27528873085975647,0.165496826171875,0.9967849254608154,-0.01722959615290165,0.05359227582812309,-0.05701655521988869,0.07735759019851685,-0.06585470587015152,0.0001124394329963252,-0.639455196947061,-0.4854667497386619,0.14347500801086427,0,0.8520961820004231
1790556428383352576,0.6983177661895752,-0.15582051873207092,-8.21815299987793,0.15784324705600739,-0.35217806696891785,0.054245833307504654,-1.0205068588256836,-0.24268470704555511,0.15242958068847656,0.9969102740287781,-0.01543266512453556,0.05170256271958351,-0.05708464980125427,0.07622051239013672,-0.06768181920051575,0.00011485985305625945,-0.6569519580355215,-0.47008603799659016,0.1417994499206543,0,0.9025350720003189
1790556428434353664,0.7050555348396301,-0.17408427596092224,-8.215210914611816,0.10668951272964478,-0.36376023292541504,0.06097370386123657,-0.9832330942153931,-0.21023403108119965,0.13761615753173828,0.997028112411499,-0.013646954670548439,0.049823958426713943,-0.05715183541178703,0.07370033860206604,-0.06934839487075806,0.00011657058348646387,-0.6726414640153218,-0.4540684379927551,0.13988709449768066,0,0.952565966000293
1790556428482354688,0.7090566158294678,-0.19177663326263428,-8.212141036987305,0.06029196456074715,-0.373171329498291,0.06658415496349335,-0.9479751586914062,-0.18053178489208221,0.12089729309082031,0.9971333146095276,-0.012003796175122261,0.048039402812719345,-0.05721256881952286,0.07431556284427643,-0.0679275169968605,0.0001176618316094391,-0.6858096353148391,-0.4384616236713247,0.13789167404174804,0,1.002065311000024
1790556428533355776,0.7109143137931824,-0.21103066205978394,-8.208601951599121,0.012875502929091454,-0.3816189467906952,0.07195806503295898,-0.9099091291427612,-0.14979739487171173,0.10886096954345703,0.99723881483078,-0.010313622653484344,0.04613122716546059,-0.05727393180131912,0.07212650030851364,-0.0689600482583046,0.00011813684977823868,-0.6981588371726848,-0.42136738942921875,0.1355912685394287,0,1.0531047730000864
1790556428584356864,0.7104032039642334,-0.23067604005336761,-8.204806327819824,-0.032606713473796844,-0.3885258436203003,0.07660169154405594,-0.8721189498901367,-0.12000647187232971,0.09392166137695312,0.9973374009132385,-0.008671066723763943,0.04422582685947418,-0.05733272805809975,0.07057393342256546,-0.06875384598970413,0.00011793563317041844,-0.708875153202818,-0.40379835643798934,0.13312411308288574,0,1.1022384850002709
1790556428632357888,0.7078458070755005,-0.24945379793643951,-8.201040267944336,-0.07367171347141266,-0.39364802837371826,0.08016406744718552,-0.8369385600090027,-0.09247899800539017,0.07963180541992188,0.9974234104156494,-0.007155363913625479,0.042453259229660034,-0.057386528700590134,0.06918824464082718,-0.0685674175620079,0.00011716917651938275,-0.7175224613754997,-0.3868759432789282,0.13067617416381835,0,1.1519262670003627
1790556428683358976,0.7030156850814819,-0.26963868737220764,-8.19686222076416,-0.11542610824108124,-0.3976675570011139,0.08349854499101639,-0.7990724444389343,-0.06440470367670059,0.07013988494873047,0.9975085258483887,-0.005612042732536793,0.04056895151734352,-0.057440511882305145,0.06618539243936539,-0.0688086524605751,0.00011573862138902768,-0.7252381655059621,-0.36853383455665234,0.1279604434967041,0,1.2021647400001712
1790556428734360064,0.6961045265197754,-0.2899925112724304,-8.192532539367676,-0.15527556836605072,-0.40027642250061035,0.086111880838871,-0.7616618871688843,-0.03702438250184059,0.05934715270996094,0.9975868463516235,-0.004107465501874685,0.038707245141267776,-0.057492695748806,0.062235284596681595,-0.0689665898680687,0.00011388484563212842,-0.7314953223593589,-0.34986731301484,0.12514615058898926,0,1.252599695000299
1790556428782361088,0.6877859830856323,-0.3092399835586548,-8.188348770141602,-0.19104187190532684,-0.401490718126297,0.08804018795490265,-0.7268638610839844,-0.01250926312059164,0.04629802703857422,0.997654914855957,-0.0027514672838151455,0.03696449473500252,-0.057539235800504684,0.06266047805547714,-0.06769852340221405,0.00011162743612658232,-0.7361048461414945,-0.3320455956720995,0.12242670059204103,0,1.3027909080001336
1790556428833362176,0.6771127581596375,-0.3297222852706909,-8.18381118774414,-0.22719907760620117,-0.4015153646469116,0.08971750736236572,-0.6897667646408081,0.012243044562637806,0.03859996795654297,0.9977214336395264,-0.001385046518407762,0.03512797877192497,-0.057585716247558594,0.0597255602478981,-0.06751404702663422,0.00010866411321330816,-0.7396990696233815,-0.31288517630887025,0.1194772720336914,0,1.3520557110000482
1790556428884363264,0.6646430492401123,-0.3501740097999573,-8.179205894470215,-0.26149147748947144,-0.4002942442893982,0.09077557176351547,-0.6532734036445618,0.03634187579154968,0.029939651489257812,0.9977818131446838,-5.6471362768206745e-05,0.03331966698169708,-0.05763064697384834,0.055424682796001434,-0.067169189453125,0.00010552482126513496,-0.7420073536011814,-0.29353657549702467,0.11648383140563966,0,1.4020240630002263
1790556428932364288,0.6513508558273315,-0.36933887004852295,-8.174829483032227,-0.29207566380500793,-0.3980574607849121,0.09134440124034882,-0.6194956302642822,0.057760972529649734,0.01894855499267578,0.9978336095809937,0.001133112469688058,0.031636931002140045,-0.05767066031694412,0.05583129823207855,-0.065986268222332,0.00010219054820481688,-0.7430567792709306,-0.27519269207734465,0.11363916397094727,0,1.451831740000216
1790556428983365376,0.6356639266014099,-0.3895561099052429,-8.170161247253418,-0.3227875828742981,-0.39458101987838745,0.09168659150600433,-0.5837540626525879,0.07916288822889328,0.013416290283203125,0.9978836178779602,0.0023219373542815447,0.029874300584197044,-0.05771059915423393,0.052803270518779755,-0.06530959159135818,9.823072468861938e-05,-0.7430326862060821,-0.25559952575689826,0.11060481071472168,0,1.5020957930000804
1790556429034366464,0.6184564232826233,-0.4095684289932251,-8.165485382080078,-0.3517036736011505,-0.3900280296802521,0.09152436256408691,-0.5486762523651123,0.09993116557598114,0.0069580078125,0.9979283213615417,0.0034739398397505283,0.028142603114247322,-0.05774916335940361,0.048409923911094666,-0.06448449194431305,9.433779632672668e-05,-0.7418900471729386,-0.23593876021436527,0.10756549835205079,0,1.5526322160003474
1790556429082367488,0.6009538173675537,-0.4281684160232544,-8.161100387573242,-0.3772987127304077,-0.38481050729751587,0.09104656428098679,-0.5163902640342712,0.1182401105761528,-0.0020389556884765625,0.9979662299156189,0.004497912712395191,0.026539776474237442,-0.057783495634794235,0.04893360286951065,-0.06341081857681274,9.040073928190395e-05,-0.7398424094179026,-0.21740627182401592,0.10471525192260743,0,1.6029787550000947
1790556429133368576,0.5810538530349731,-0.4476327896118164,-8.156471252441406,-0.40279439091682434,-0.3783319592475891,0.09037962555885315,-0.4824625551700592,0.13632500171661377,-0.0055389404296875,0.9980021715164185,0.005511971190571785,0.024870097637176514,-0.0578177273273468,0.04592341184616089,-0.062339603900909424,8.593255915911868e-05,-0.736685716431895,-0.19771945189948248,0.10170631408691407,0,1.6522821150001619
1790556429184369664,0.5598970055580139,-0.46674343943595886,-8.151888847351074,-0.4265861213207245,-0.3709438741207123,0.08931370824575424,-0.44923701882362366,0.15382380783557892,-0.010071754455566406,0.9980338215827942,0.006491520907729864,0.02323281764984131,-0.05785078927874565,0.04154053330421448,-0.061125803738832474,8.168304339051247e-05,-0.7325703729731292,-0.17806969891658456,0.09872775077819824,0,1.702243479000117
1790556429232370688,0.538913905620575,-0.4843662977218628,-8.147627830505371,-0.4474483132362366,-0.36320945620536804,0.08807835727930069,-0.4188062250614166,0.16910821199417114,-0.01720428466796875,0.9980601072311401,0.007355205714702606,0.02172483690083027,-0.0578802227973938,0.04217536002397537,-0.06017474830150604,7.753124373266473e-05,-0.7278682788179502,-0.15963855983282196,0.09595808982849122,0,1.752345205000438
1790556429283371776,0.5155621767044067,-0.5026641488075256,-8.143166542053223,-0.4680183529853821,-0.35421597957611084,0.08669507503509521,-0.3870398700237274,0.18400399386882782,-0.018982887268066406,0.998084545135498,0.008201570250093937,0.020162058994174004,-0.057909585535526276,0.03924195468425751,-0.05879087746143341,7.292033842531964e-05,-0.7220404385531025,-0.14015097317241973,0.09305825233459473,0,1.8029027520001364
1790556429334372864,0.49120211601257324,-0.520484209060669,-8.138785362243652,-0.4869934618473053,-0.3444731533527374,0.08500523865222931,-0.3559876084327698,0.19837462902069092,-0.02187824249267578,0.9981055855751038,0.009016369469463825,0.01863212324678898,-0.05793795362114906,0.03494612127542496,-0.05727069824934006,6.864323950139806e-05,-0.715404486124601,-0.120789699471783,0.09021048545837403,0,1.8537345680001636
1790556429382373888,0.4674261212348938,-0.5367862582206726,-8.134743690490723,-0.5034264922142029,-0.3346669673919678,0.083260677754879,-0.32767924666404724,0.21078479290008545,-0.027416229248046875,0.9981226325035095,0.009727905504405499,0.017229558899998665,-0.057963211089372635,0.03568168357014656,-0.05645115673542023,6.454253889387473e-05,-0.7084643734046767,-0.10270711192982113,0.08758339881896973,0,1.9026301890003197
1790556429433374976,0.44133707880973816,-0.5535755753517151,-8.13054084777832,-0.5194064974784851,-0.3236229419708252,0.08141037821769714,-0.29831328988075256,0.22267679870128632,-0.02774524688720703,0.9981381893157959,0.010416178032755852,0.015783218666911125,-0.05798843875527382,0.032868120819330215,-0.054827287793159485,6.00758648943156e-05,-0.7003978649166064,-0.08366698417666003,0.0848515510559082,0,1.9525578000002497
1790556429484376064,0.41447073221206665,-0.5697862505912781,-8.126440048217773,-0.5339124798774719,-0.3119806945323944,0.07933404296636581,-0.2696518898010254,0.23411135375499725,-0.02927112579345703,0.9981510639190674,0.011076155118644238,0.01436932198703289,-0.05801283195614815,0.028718534857034683,-0.05307379737496376,5.6000848417170346e-05,-0.6916629132782293,-0.06482795384279169,0.08218603134155274,0,2.002303483000105
1790556429532377088,0.3885413110256195,-0.5844883918762207,-8.122679710388184,-0.5462527871131897,-0.3005216121673584,0.07729069143533707,-0.24364109337329865,0.2438385933637619,-0.03345203399658203,0.9981610178947449,0.01164547074586153,0.013078989461064339,-0.058034565299749374,0.029539715498685837,-0.05239095166325569,5.215232522459701e-05,-0.6828713772971589,-0.047300882554803775,0.07974181175231934,0,2.052335621000111
1790556429583378176,0.36037635803222656,-0.599494457244873,-8.11878776550293,-0.5580089092254639,-0.28786149621009827,0.07518083602190018,-0.21682392060756683,0.25295060873031616,-0.03264904022216797,0.9981697797775269,0.012186857871711254,0.011754864826798439,-0.058056268841028214,0.02687695436179638,-0.05059203878045082,4.8030546167865396e-05,-0.6729657663319779,-0.028914517908690374,0.0772120475769043,0,2.102754555000047
1790556429634379264,0.33164626359939575,-0.6138429045677185,-8.115009307861328,-0.5684188008308411,-0.2747427225112915,0.072909876704216,-0.19068489968776703,0.2616754174232483,-0.033130645751953125,0.9981764554977417,0.012703338637948036,0.010462111793458462,-0.05807729437947273,0.02291729673743248,-0.048670489341020584,4.4322590838419273e-05,-0.6625196760489023,-0.010790413794475637,0.07475605010986329,0,2.152301525000439
1790556429682380288,0.30415061116218567,-0.6267266869544983,-8.111560821533203,-0.577022910118103,-0.26201826333999634,0.07073378562927246,-0.16706901788711548,0.2689381241798401,-0.036220550537109375,0.9981813430786133,0.013141472823917866,0.009287606924772263,-0.058096036314964294,0.023807130753993988,-0.04812593385577202,4.086439003003761e-05,-0.6522308761173758,0.0060119442148653945,0.07251453399658203,0,2.202614592000373
1790556429733381376,0.2745148241519928,-0.6397373676300049,-8.10800838470459,-0.5849377512931824,-0.24814164638519287,0.06852557510137558,-0.14286848902702332,0.2755163609981537,-0.034587860107421875,0.9981852769851685,0.013548140414059162,0.008088245056569576,-0.058114778250455856,0.02131650224328041,-0.04620886594057083,3.719795495271683e-05,-0.6408507878168379,0.0235771969671906,0.0702054500579834,0,2.252647872000125
1790556429781382400,0.24628081917762756,-0.6513288021087646,-8.104769706726074,-0.5912779569625854,-0.23477861285209656,0.06631527096033096,-0.12074986845254898,0.2813800573348999,-0.03687572479248047,0.9981876015663147,0.013908716849982738,0.00698716938495636,-0.058131877332925797,0.020229676738381386,-0.04510528966784477,3.4079588658642024e-05,-0.6297514943288569,0.03982562981503497,0.06810030937194825,0,2.302555694000148
1790556429832383488,0.21597754955291748,-0.6629344820976257,-8.101442337036133,-0.5968725085258484,-0.22030237317085266,0.06410248577594757,-0.09825298190116882,0.2865059971809387,-0.03472614288330078,0.9981892108917236,0.014237487688660622,0.005868932232260704,-0.058148980140686035,0.01764827035367489,-0.04326140135526657,3.0795385100645944e-05,-0.6175805226987221,0.05677478558938591,0.06593751907348633,0,2.3522125670001515
1790556429883384576,0.1854177862405777,-0.6737954616546631,-8.09822940826416,-0.6013385653495789,-0.20557138323783875,0.06181258335709572,-0.07638269662857056,0.29129859805107117,-0.03394889831542969,0.9981895685195923,0.014544358476996422,0.0047801826149225235,-0.0581655390560627,0.014221888035535812,-0.041225142776966095,2.787673111015465e-05,-0.6050545093755831,0.0733875341875723,0.06384911537170411,0,2.4026416110000355
1790556429931385600,0.15647216141223907,-0.683326244354248,-8.095311164855957,-0.6045480966567993,-0.191509410738945,0.05967691168189049,-0.0567764937877655,0.29499077796936035,-0.035714149475097656,0.9981893301010132,0.014791048131883144,0.0037985562812536955,-0.05818032845854759,0.015302549116313457,-0.04089977964758873,2.519775262044277e-05,-0.5929714243424078,0.08870520720595496,0.06195225715637207,0,2.4525743970002623
1790556429982386688,0.12557418644428253,-0.6927086114883423,-8.092318534851074,-0.6069445013999939,-0.17639592289924622,0.05755341425538063,-0.03689038008451462,0.2979324758052826,-0.033252716064453125,0.9981886148452759,0.01500224880874157,0.0028046434745192528,-0.05819518491625786,0.013140040449798107,-0.038885027170181274,2.2414624254452065e-05,-0.57985181052617,0.10463265562984415,0.060007047653198246,0,2.502864652000426
1790556430033387776,0.09457941353321075,-0.7013166546821594,-8.089432716369629,-0.6083517670631409,-0.16114886105060577,0.055462904274463654,-0.017904601991176605,0.3002941906452179,-0.03345775604248047,0.998187243938446,0.015178767032921314,0.0018519882578402758,-0.05820932239294052,0.011969444341957569,-0.03763863444328308,1.9844939743052237e-05,-0.566472656578014,0.12019319247701377,0.05813126564025879,0,2.5527259970003797
1790556430081388800,0.0653638020157814,-0.7087051868438721,-8.086817741394043,-0.6088014841079712,-0.14668883383274078,0.053407467901706696,-0.0004916824400424957,0.3022631108760834,-0.034028053283691406,0.9981854557991028,0.015329877845942974,0.0009774483041837811,-0.05822233483195305,0.011014796793460846,-0.03650305047631264,1.7697573639452457e-05,-0.5536698667631756,0.134495930898983,0.05643153190612793,0,2.60252993100039
1790556430132389888,0.03432111814618111,-0.7157928347587585,-8.084141731262207,-0.6083877086639404,-0.13124604523181915,0.051410090178251266,0.01696455478668213,0.30347302556037903,-0.030999183654785156,0.9981833696365356,0.015446603298187256,9.95637965388596e-05,-0.05823536217212677,0.008698670193552971,-0.034589264541864395,1.549791886645835e-05,-0.5398703401378258,0.14932171185189774,0.05469212532043457,0,2.652447389000372
1790556430183390976,0.003321906551718712,-0.7220914959907532,-8.08156967163086,-0.6070989370346069,-0.11574568599462509,0.049396950751543045,0.03389168530702591,0.3044641613960266,-0.029479026794433594,0.9981807470321655,0.015547295100986958,-0.000752697407733649,-0.05824799835681915,0.005731254816055298,-0.03251878544688225,1.3565760127676185e-05,-0.525894819416937,0.16375933579678462,0.053020286560058597,0,2.7019873090002875
1790556430231392000,-0.025774862617254257,-0.7272966504096985,-8.079240798950195,-0.6051220297813416,-0.10113228857517242,0.04755784198641777,0.048899173736572266,0.3047419488430023,-0.030307769775390625,0.9981783628463745,0.015607823617756367,-0.0015130039537325501,-0.05825932323932648,0.006816781125962734,-0.03243989497423172,1.1832868949568365e-05,-0.5126039462969163,0.1769879828647157,0.05150651931762695,0,2.7525532070003464
1790556430282393088,-0.05656670033931732,-0.7320583462715149,-8.076859474182129,-0.602250337600708,-0.08560831099748611,0.04576553776860237,0.06391116976737976,0.3042473793029785,-0.027521133422851562,0.998175859451294,0.015630770474672318,-0.0022737053222954273,-0.058270715177059174,0.00503979716449976,-0.030436024069786072,1.0060350177809596e-05,-0.49835984884223106,0.1906569182956365,0.04995865821838379,0,2.8033412520003367
1790556430333394176,-0.08719281852245331,-0.7360289692878723,-8.074570655822754,-0.5986255407333374,-0.07010897248983383,0.04396140202879906,0.07849070429801941,0.3036394715309143,-0.026038169860839844,0.9981730580329895,0.015643063932657242,-0.003013069275766611,-0.05828184634447098,0.0022462154738605022,-0.028346994891762733,8.53940855449764e-06,-0.48401228551512543,0.203924200517698,0.04847092628479004,0,2.852482345000226
1790556430381395200,-0.11583229154348373,-0.7390449643135071,-8.072498321533203,-0.5945587158203125,-0.055567868053913116,0.04232054948806763,0.09133756160736084,0.3025159537792206,-0.026681900024414062,0.9981705546379089,0.015625720843672752,-0.003668976714834571,-0.05829181894659996,0.0032206764444708824,-0.02839551866054535,7.206060217868071e-06,-0.4704341361308747,0.21604139624673405,0.04712390899658203,0,2.902443489000234
1790556430432396288,-0.14603114128112793,-0.7414863705635071,-8.070379257202148,-0.5895795822143555,-0.04019230976700783,0.040733881294727325,0.10408920049667358,0.30063632130622864,-0.02397918701171875,0.9981682300567627,0.015571314841508865,-0.004320784937590361,-0.058301884680986404,0.0016245528822764754,-0.026454100385308266,5.857503310835455e-06,-0.45594816504322877,0.22852107834198812,0.04574651718139649,0,2.951835893000407
1790556430483397376,-0.17595970630645752,-0.7431460618972778,-8.068342208862305,-0.5839607119560242,-0.024912992492318153,0.0391424335539341,0.11646813899278641,0.2986273765563965,-0.022504806518554688,0.9981656670570374,0.015508873388171196,-0.004954179283231497,-0.05831171199679375,-0.0008823182433843613,-0.024426516145467758,4.715476734418189e-06,-0.44142048371521664,0.240592665575046,0.04442243576049805,0,3.0025466390002293
1790556430531398400,-0.20385225117206573,-0.7439987063407898,-8.066496849060059,-0.5781183242797852,-0.010640040040016174,0.037702322006225586,0.12730485200881958,0.29633745551109314,-0.023012161254882812,0.9981634616851807,0.0154251828789711,-0.005512444768100977,-0.0583205409348011,8.706829976290464e-05,-0.024590641260147095,3.731753849933739e-06,-0.4277261259003309,0.2515805206259276,0.04322295188903809,0,3.0522750530003577
1790556430582399488,-0.23316675424575806,-0.7441572546958923,-8.064607620239258,-0.5713575482368469,0.004391456488519907,0.0363212525844574,0.13796640932559967,0.29331114888191223,-0.02043914794921875,0.9981616139411926,0.01530507579445839,-0.006062909960746765,-0.058329518884420395,-0.0013130801962688565,-0.022720027714967728,2.7589089768298436e-06,-0.4131701103472698,0.26285810307894364,0.04199495315551758,0,3.102420822000113
1790556430633400576,-0.26212278008461,-0.743553102016449,-8.062790870666504,-0.5640616416931152,0.019270528107881546,0.034938711673021317,0.14832483232021332,0.2902507483959198,-0.01905059814453125,0.9981597065925598,0.015179305337369442,-0.0065977671183645725,-0.05833829194307327,-0.0035480319056659937,-0.020772451534867287,1.9488625184749253e-06,-0.3986242399311169,0.27372708401870044,0.04081406593322754,0,3.1528525690000606
1790556430681401600,-0.2890241742134094,-0.7422950267791748,-8.061141014099121,-0.5567340850830078,0.03311798349022865,0.03369249030947685,0.1573059856891632,0.286966472864151,-0.019495010375976562,0.9981581568717957,0.015039671212434769,-0.007065597455948591,-0.058346185833215714,-0.0026089646853506565,-0.02103760838508606,1.2652795930989669e-06,-0.38495727902913773,0.28358419856780787,0.03974165916442871,0,3.202541625000322
1790556430732402688,-0.31720981001853943,-0.7402344346046448,-8.05945110321045,-0.5484918355941772,0.047647181898355484,0.03250614553689957,0.16604818403720856,0.2829723656177521,-0.017122268676757812,0.9981569647789001,0.01486455462872982,-0.007522572763264179,-0.0583542175590992,-0.003827337408438325,-0.01925692893564701,6.077795546843845e-07,-0.37047480436451696,0.293662959105872,0.03864321708679199,0,3.2527485580003486
1790556430783403776,-0.344963937997818,-0.7374380230903625,-8.057822227478027,-0.5398107171058655,0.061975084245204926,0.0313187912106514,0.1745467483997345,0.27897486090660095,-0.015848159790039062,0.9981557130813599,0.014685784466564655,-0.007966659963130951,-0.058362074196338654,-0.005800038576126099,-0.017395148053765297,5.280151782471876e-08,-0.3560452355951254,0.30333742810174835,0.037584447860717775,0,3.30288784700042
1790556430831404800,-0.3706716299057007,-0.7341434359550476,-8.056344032287598,-0.5312646627426147,0.07526221871376038,0.030251095071434975,0.18183456361293793,0.2748759686946869,-0.0162811279296875,0.9981548190116882,0.014499703422188759,-0.008351544849574566,-0.05836915969848633,-0.004900513216853142,-0.017755845561623573,-3.85796084856338e-07,-0.34252429604368706,0.31207560399173195,0.03662362098693848,0,3.3520732120000503
1790556430882405888,-0.39752721786499023,-0.7299495935440063,-8.054825782775879,-0.5218155980110168,0.08915512263774872,0.02924356982111931,0.18883360922336578,0.2700982391834259,-0.014100074768066406,0.9981544017791748,0.014279404655098915,-0.008723126724362373,-0.05837636813521385,-0.005946212448179722,-0.016071341931819916,-7.952413056955265e-07,-0.3282330299383942,0.32097240127424354,0.03563675880432129,0,3.402629514000182
1790556430933406976,-0.42389190196990967,-0.7250533103942871,-8.053359031677246,-0.5120150446891785,0.10280720144510269,0.02823362872004509,0.19564619660377502,0.2653438150882721,-0.012973785400390625,0.9981539249420166,0.014057215303182602,-0.009084469638764858,-0.05838346853852272,-0.007666325196623802,-0.014312494546175003,-1.12634938886913e-06,-0.31402934472976807,0.32947318744398313,0.03468337059020996,0,3.4523160270000517
1790556430981408000,-0.448241651058197,-0.7198145985603333,-8.052024841308594,-0.5024927854537964,0.11542490869760513,0.027326537296175957,0.20140430331230164,0.26059430837631226,-0.013422012329101562,0.998153805732727,0.013833434320986271,-0.009394010528922081,-0.058389876037836075,-0.006814565509557724,-0.014751739799976349,-1.376130171593104e-06,-0.3007502986833209,0.3371153441779247,0.03381614685058594,0,3.5025877570001285
1790556431032409088,-0.47360506653785706,-0.7135913968086243,-8.050650596618652,-0.4920855164527893,0.12857413291931152,0.026476629078388214,0.20683756470680237,0.2552019953727722,-0.01148223876953125,0.9981541633605957,0.013576965779066086,-0.009688385762274265,-0.058396413922309875,-0.007698478642851114,-0.013172827661037445,-1.594923787706648e-06,-0.2867448204889506,0.3448580387894358,0.032922887802124025,0,3.5523032520000015
1790556431083410176,-0.4984307587146759,-0.7067044377326965,-8.049321174621582,-0.4814053475856781,0.14145146310329437,0.02562079392373562,0.2121361643075943,0.24985362589359283,-0.01052093505859375,0.9981544017791748,0.013320090249180794,-0.00997498631477356,-0.058402858674526215,-0.00917854718863964,-0.011519593186676502,-1.7623457324589253e-06,-0.2728542135456958,0.3522162441030887,0.03205876350402832,0,3.6018512470000132
1790556431131411200,-0.5212927460670471,-0.6996288895606995,-8.048110008239746,-0.4711241126060486,0.15331414341926575,0.024852178990840912,0.21652625501155853,0.24460150301456451,-0.010994911193847656,0.9981549382209778,0.013066577725112438,-0.010216785594820976,-0.05840868502855301,-0.008382171392440796,-0.012033486738801003,-1.8707326034927974e-06,-0.25989274600530105,0.3587944147102462,0.031271505355834964,0,3.6522455850004008
1790556431182412288,-0.5450373888015747,-0.6914941668510437,-8.046859741210938,-0.4599815607070923,0.16563284397125244,0.024137331172823906,0.22055581212043762,0.2386580854654312,-0.009281158447265625,0.998155951499939,0.012782098725438118,-0.010442022234201431,-0.05841464549303055,-0.00911395251750946,-0.010558691807091236,-1.941717528097797e-06,-0.24624687914401008,0.3654193700234007,0.030458831787109376,0,3.7024706970000807
1790556431230413312,-0.5668614506721497,-0.6832707524299622,-8.045716285705566,-0.4493092894554138,0.17695559561252594,0.023440584540367126,0.22425638139247894,0.23316489160060883,-0.009743690490722656,0.9981569051742554,0.01251398865133524,-0.010648280382156372,-0.05842018499970436,-0.009256362915039062,-0.010174737311899662,-1.993877731365501e-06,-0.23352772647037115,0.3713163242429469,0.029715585708618163,0,3.7520110940004088
1790556431281414400,-0.5894836187362671,-0.6739452481269836,-8.044536590576172,-0.4377930164337158,0.18868990242481232,0.022798245772719383,0.22749121487140656,0.2270883470773697,-0.00811767578125,0.9981582164764404,0.012216956354677677,-0.010833808220922947,-0.05842579901218414,-0.009989088401198387,-0.008952402509748936,-1.994453896259074e-06,-0.22015086722020347,0.37722735469851465,0.02894878387451172,0,3.802536830000008
1790556431332415488,-0.6115144491195679,-0.6640291810035706,-8.043387413024902,-0.42612484097480774,0.20011043548583984,0.02218947932124138,0.23030611872673035,0.2209196388721466,-0.007984161376953125,0.9981597661972046,0.011913029477000237,-0.010997924953699112,-0.0584312342107296,-0.010107114911079407,-0.00852284673601389,-1.9580108983063838e-06,-0.20692028449242675,0.38277852812255153,0.028201818466186523,0,3.852339344000029
1790556431383416576,-0.6329465508460999,-0.6535385847091675,-8.042271614074707,-0.41431087255477905,0.21121975779533386,0.0215559434145689,0.2331223338842392,0.21479520201683044,-0.007053375244140625,0.998161256313324,0.01161104440689087,-0.011161118745803833,-0.05843663588166237,-0.011150768026709557,-0.006946126464754343,-1.9465890090941684e-06,-0.19384035247691395,0.3879755320292796,0.02747654914855957,0,3.9025498940000034
1790556431431417600,-0.6525646448135376,-0.6431546807289124,-8.04124927520752,-0.403075248003006,0.22138579189777374,0.020992595702409744,0.23528774082660675,0.20891349017620087,-0.007489204406738281,0.9981627464294434,0.011320074088871479,-0.01129194162786007,-0.05844151973724365,-0.010526214726269245,-0.0074996016919612885,-1.8846171769837383e-06,-0.1816712791227046,0.3925484291550124,0.026812028884887696,0,3.952160479000213
1790556431482418688,-0.6728149652481079,-0.6315947771072388,-8.040192604064941,-0.39102378487586975,0.23187921941280365,0.020439378917217255,0.2373763769865036,0.2026117593050003,-0.0056018829345703125,0.9981645345687866,0.011007800698280334,-0.011418848298490047,-0.05844663828611374,-0.01176268421113491,-0.00533087644726038,-1.8393088794255164e-06,-0.16889561565948003,0.39707425648532646,0.026125192642211914,0,4.002922203000253
1790556431530419712,-0.691310465335846,-0.6202332973480225,-8.039222717285156,-0.3796003758907318,0.241457998752594,0.019948596134781837,0.23886920511722565,0.19661009311676025,-0.0063610076904296875,0.9981663823127747,0.010708479210734367,-0.011515728197991848,-0.05845126509666443,-0.011149318888783455,-0.0060629649087786674,-1.7443436490793829e-06,-0.15701927377237745,0.40102577622367885,0.025494766235351563,0,4.051965309000025
1790556431581420800,-0.7103593349456787,-0.6076657176017761,-8.038215637207031,-0.3673933148384094,0.2513169050216675,0.01949220336973667,0.23996669054031372,0.190099835395813,-0.005261421203613281,0.9981687068939209,0.010383007116615772,-0.011593465693295002,-0.05845602974295616,-0.011499143205583096,-0.004929831251502037,-1.6130078392961877e-06,-0.1445600885461888,0.4049025848786003,0.024840164184570312,0,4.10242991000041
1790556431632421888,-0.728784441947937,-0.5946038365364075,-8.037233352661133,-0.35513973236083984,0.2608434557914734,0.019051600247621536,0.2407747358083725,0.18358372151851654,-0.00537109375,0.9981710314750671,0.010055508464574814,-0.011656352318823338,-0.05846065655350685,-0.01154373399913311,-0.00460608396679163,-1.482192146795569e-06,-0.13226708063124207,0.40845418288849256,0.024201679229736327,0,4.153459507000207
1790556431680422912,-0.7455538511276245,-0.5818738341331482,-8.036327362060547,-0.3435661494731903,0.2695091962814331,0.01859692670404911,0.24158529937267303,0.17750388383865356,-0.0057239532470703125,0.9981731176376343,0.009749820455908775,-0.011717504821717739,-0.05846497789025307,-0.011577796190977097,-0.004308084957301617,-1.3804362879454857e-06,-0.12085044528685038,0.4115053274688619,0.023612785339355468,0,4.202130918000421
1790556431731424000,-0.7627615928649902,-0.5679004192352295,-8.035390853881836,-0.33123958110809326,0.27839452028274536,0.01818726398050785,0.24193519353866577,0.17097532749176025,-0.004581451416015625,0.9981755614280701,0.009421159513294697,-0.01175749022513628,-0.05846939608454704,-0.011965210549533367,-0.003327423008158803,-1.2459568097256124e-06,-0.108884703931735,0.41444326627186107,0.02300405502319336,0,4.252388663000147
1790556431782425088,-0.7793404459953308,-0.5534823536872864,-8.03447437286377,-0.3188955783843994,0.28694915771484375,0.01776324212551117,0.2423052042722702,0.16451698541641235,-0.0041255950927734375,0.9981778264045715,0.009095244109630585,-0.011797314509749413,-0.05847376212477684,-0.01249097939580679,-0.002227097749710083,-1.13438795779075e-06,-0.09708910870544035,0.417074301756722,0.022408342361450197,0,4.30191212400041
1790556431830426112,-0.7943687438964844,-0.5395212769508362,-8.033628463745117,-0.3072715699672699,0.29469797015190125,0.017377182841300964,0.24228978157043457,0.15841175615787506,-0.0047168731689453125,0.9981801509857178,0.008786414749920368,-0.01181763131171465,-0.05847775191068649,-0.011983782052993774,-0.0029541058465838432,-1.0093777973452234e-06,-0.08614370602071775,0.41927575824937025,0.02185850143432617,0,4.352240996000091
1790556431881427200,-0.8097249865531921,-0.5242880582809448,-8.032748222351074,-0.294927716255188,0.30260950326919556,0.017021920531988144,0.24190254509449005,0.15188613533973694,-0.0038461685180664062,0.9981827139854431,0.008455618284642696,-0.011819514445960522,-0.058481864631175995,-0.012172493152320385,-0.0019431044347584248,-8.689092965141754e-07,-0.07468081437579824,0.4213287211943722,0.021286344528198244,0,4.40214486800005
1790556431932428288,-0.8244522213935852,-0.5086597800254822,-8.031889915466309,-0.28260260820388794,0.31019148230552673,0.016645079478621483,0.2415914684534073,0.14544513821601868,-0.0035581588745117188,0.9981850981712341,0.008128512650728226,-0.011824296787381172,-0.05848592892289162,-0.012573144398629665,-0.000880191451869905,-7.493397902180732e-07,-0.0633895977107907,0.4230931104307443,0.020728445053100588,0,4.452261770000405
1790556431980429312,-0.8377394676208496,-0.49360501766204834,-8.031100273132324,-0.27102720737457275,0.317026823759079,0.01629902608692646,0.24097558856010437,0.13939149677753448,-0.004154205322265625,0.9981874823570251,0.007820379920303822,-0.011813761666417122,-0.05848964303731918,-0.012174800038337708,-0.0016455171862617135,-6.237514185158943e-07,-0.05291940606436657,0.424495696071071,0.020215177536010744,0,4.502761293000276
1790556432031430400,-0.8512491583824158,-0.4772578179836273,-8.030278205871582,-0.2587655782699585,0.3239712119102478,0.01598089374601841,0.23999719321727753,0.1329568326473236,-0.0033702850341796875,0.9981901049613953,0.007492358796298504,-0.01178512442857027,-0.05849346145987511,-0.012285868637263775,-0.0007352532120421529,-4.868043674832734e-07,-0.04196120423883726,0.4257176671617864,0.019680833816528322,0,4.552292447000127
1790556432082431488,-0.8641348481178284,-0.4605647027492523,-8.029473304748535,-0.24655205011367798,0.3305904269218445,0.015641288831830025,0.2391224354505539,0.12660393118858337,-0.0031385421752929688,0.998192548751831,0.00716812489554286,-0.011760810390114784,-0.05849725753068924,-0.012542602606117725,0.0002323655062355101,-3.761280993330729e-07,-0.031173683838289626,0.4266692120625888,0.01915764808654785,0,4.603081142000065
1790556432130432512,-0.8756944537162781,-0.444552481174469,-8.028730392456055,-0.23510681092739105,0.33652475476264954,0.015326899476349354,0.23801708221435547,0.12065912783145905,-0.0037479400634765625,0.9981949329376221,0.006863933522254229,-0.011724826879799366,-0.0585007406771183,-0.012218213640153408,-0.0005536815151572227,-2.588254801594303e-07,-0.02117624370761724,0.42732328885569737,0.018674755096435548,0,4.65239882700007
1790556432181433600,-0.8873762488365173,-0.4272351562976837,-8.027956008911133,-0.22300824522972107,0.34251803159713745,0.015035386197268963,0.23656171560287476,0.11437001824378967,-0.0030841827392578125,0.9981975555419922,0.006541748531162739,-0.011671221815049648,-0.05850430577993393,-0.012255494482815266,0.0002703165519051254,-1.355102057232216e-07,-0.010718034886928185,0.4277673384393052,0.01817140579223633,0,4.702254745000118
1790556432232434688,-0.8984429240226746,-0.4096202850341797,-8.02719783782959,-0.21098163723945618,0.34819337725639343,0.014721162617206573,0.23523102700710297,0.10815760493278503,-0.0029115676879882812,0.9981999397277832,0.006223316770046949,-0.011623094789683819,-0.05850784480571747,-0.012384583242237568,0.0011519307736307383,-4.2680387224436345e-08,-0.00042779741737852817,0.42795876126029386,0.0176785945892334,0,4.752271036000366
1790556432280435712,-0.9083000421524048,-0.3927842676639557,-8.026498794555664,-0.19973254203796387,0.3532465994358063,0.014428552240133286,0.23373186588287354,0.102366603910923,-0.0035085678100585938,0.9982022047042847,0.005925619043409824,-0.011566411703824997,-0.05851108953356743,-0.012137400917708874,0.0003495272248983383,5.091757415698339e-08,0.00910476391707693,0.42791345584567697,0.017224216461181642,0,4.802658913000414
1790556432331436800,-0.9181833863258362,-0.37463778257369995,-8.025769233703613,-0.18786224722862244,0.35831233859062195,0.014156093820929527,0.2318962961435318,0.0962659940123558,-0.0029115676879882812,0.9982046484947205,0.00561174750328064,-0.011492663063108921,-0.058514419943094254,-0.012111726216971874,0.0010958274360746145,1.610753486147587e-07,0.019072340420958095,0.4276312781035063,0.016750001907348634,0,4.851959149000322
1790556432382437888,-0.927463710308075,-0.356240838766098,-8.025054931640625,-0.1760828197002411,0.36306941509246826,0.013861024752259254,0.23020288348197937,0.09023500233888626,-0.0027780532836914062,0.9982069134712219,0.005301446653902531,-0.011425347067415714,-0.05851772800087929,-0.012126943096518517,0.001897792099043727,2.3378207458790712e-07,0.028875956445993417,0.4271136421739433,0.01628570556640625,0,4.902559146000385
1790556432430438912,-0.935651421546936,-0.33871135115623474,-8.024394989013672,-0.16508238017559052,0.36726754903793335,0.013584984466433525,0.22839361429214478,0.084633007645607,-0.00335693359375,0.9982091188430786,0.005012250039726496,-0.011352104134857655,-0.05852074921131134,-0.011957003735005856,0.0010887880343943834,3.1405920708493795e-07,0.03795447427889513,0.42641647102229113,0.01585674285888672,0,4.952198215000408
1790556432481440000,-0.9437747597694397,-0.31987273693084717,-8.023707389831543,-0.15349186956882477,0.3714350461959839,0.01332587469369173,0.22626280784606934,0.0787540078163147,-0.0028314590454101562,0.9982113838195801,0.004708601627498865,-0.01126241683959961,-0.05852387472987175,-0.011877819895744324,0.0017638176213949919,4.0206634821515763e-07,0.04744431411037881,0.42545784225816863,0.01540980339050293,0,5.00227336800026
1790556432532441088,-0.9513096213340759,-0.3008291721343994,-8.023035049438477,-0.14200694859027863,0.3753049373626709,0.013044814579188824,0.22428710758686066,0.07293576002120972,-0.0027170181274414062,0.9982134699821472,0.004408236127346754,-0.01117991004139185,-0.058527007699012756,-0.011791732162237167,0.002497958717867732,4.5702472561970353e-07,0.05677501462804788,0.4242801451798961,0.014972782135009766,0,5.052288261000285
1790556432580442112,-0.9578686356544495,-0.28273212909698486,-8.022415161132812,-0.1312960982322693,0.37867847084999084,0.01278140489012003,0.2222394347190857,0.06754894554615021,-0.0032634735107421875,0.9982154965400696,0.004129068925976753,-0.011093691922724247,-0.058529868721961975,-0.011698408983647823,0.0016858249437063932,5.172403234610101e-07,0.06541312952074557,0.422976444165442,0.014569854736328125,0,5.102123268000014
1790556432631443200,-0.964276909828186,-0.26333364844322205,-8.021768569946289,-0.12002510577440262,0.38198143243789673,0.01253333780914545,0.21988536417484283,0.061915479600429535,-0.0027751922607421875,0.9982176423072815,0.0038370664697140455,-0.01099167950451374,-0.05853281915187836,-0.011573752388358116,0.002299990737810731,5.94044252011372e-07,0.0744400773491801,0.42138881451315524,0.01414957046508789,0,5.151758192000216
1790556432682444288,-0.9701134562492371,-0.24377399682998657,-8.021136283874512,-0.10887088626623154,0.38499903678894043,0.012264246121048927,0.21769633889198303,0.05633257329463959,-0.002681732177734375,0.9982195496559143,0.0035479615908116102,-0.010897425934672356,-0.058535728603601456,-0.011397226713597775,0.0029670088551938534,6.39735617369297e-07,0.08331337815891636,0.4195976758792198,0.013738584518432618,0,5.202393481000399
1790556432730445312,-0.9750895500183105,-0.22523067891597748,-8.020552635192871,-0.0984804704785347,0.3875819146633148,0.012011476792395115,0.21547240018844604,0.051179446280002594,-0.0031995773315429688,0.9982213377952576,0.003279926488175988,-0.010801329277455807,-0.05853840336203575,-0.011379536241292953,0.0021575712598860264,6.846972837593057e-07,0.09152591374731694,0.4177305795974811,0.01335921287536621,0,5.25264104300004
1790556432781446400,-0.9798330068588257,-0.20539934933185577,-8.019946098327637,-0.08755260705947876,0.39005595445632935,0.011752555146813393,0.2131684571504593,0.045757848769426346,-0.0024614334106445312,0.9982231855392456,0.002998964861035347,-0.010700413957238197,-0.0585411973297596,-0.011104559525847435,0.0033658891916275024,7.256903131747094e-07,0.10010603744298674,0.4155588945471824,0.012964963912963867,0,5.302827826000339
1790556432829447424,-0.983790934085846,-0.18662534654140472,-8.019387245178223,-0.07738211750984192,0.39213570952415466,0.011512791737914085,0.21083657443523407,0.040771182626485825,-0.003078460693359375,0.9982248544692993,0.0027388734742999077,-0.010598180815577507,-0.058543745428323746,-0.011131910607218742,0.0025036782026290894,7.643980097782332e-07,0.10804577368500307,0.41334235705948025,0.012601709365844727,0,5.35193633200015
1790556432880448512,-0.987464427947998,-0.16657516360282898,-8.018803596496582,-0.06669963896274567,0.39408525824546814,0.011281413957476616,0.20821376144886017,0.035585034638643265,-0.002704620361328125,0.9982265830039978,0.0024684681557118893,-0.01048080064356327,-0.05854634940624237,-0.01095289085060358,0.0029765756335109472,8.08114123174164e-07,0.11633957904441769,0.4108085235846889,0.012222337722778321,0,5.402091401000234
1790556432931449600,-0.9905965924263,-0.14643226563930511,-8.01823616027832,-0.05614696443080902,0.3957716226577759,0.011028897017240524,0.20577511191368103,0.030428538098931313,-0.0026493072509765625,0.9982282519340515,0.00220012990757823,-0.010372254997491837,-0.0585489459335804,-0.010651648975908756,0.0035456237383186817,8.218962648243178e-07,0.12448890904593624,0.4080950327356756,0.011853504180908204,0,5.452306664000389
1790556432979450624,-0.9930556416511536,-0.12740150094032288,-8.017711639404297,-0.04633549228310585,0.39712244272232056,0.010791557841002941,0.2032991349697113,0.02569706179201603,-0.00310516357421875,0.9982296824455261,0.0019522163784131408,-0.010264599695801735,-0.05855131894350052,-0.010757345706224442,0.0027424413710832596,8.42925771848968e-07,0.13202838992589888,0.40538114239497114,0.01151256561279297,0,5.502677295000012
1790556433030451712,-0.9951556324958801,-0.10711649060249329,-8.017166137695312,-0.03603847697377205,0.3983105421066284,0.01056474819779396,0.20062634348869324,0.020781241357326508,-0.0027217864990234375,0.9982312917709351,0.0016952701844274998,-0.01014305092394352,-0.05855381116271019,-0.010545109398663044,0.003213081043213606,8.773346849011432e-07,0.13990242555020976,0.40233186688687306,0.011157989501953125,0,5.5521759630000815
1790556433081452800,-0.9967337250709534,-0.08677724003791809,-8.016632080078125,-0.025874080136418343,0.39924904704093933,0.010319925844669342,0.19813334941864014,0.015883635729551315,-0.0026445388793945312,0.9982327222824097,0.0014398604398593307,-0.010030309669673443,-0.058556292206048965,-0.01017605047672987,0.0037396643310785294,8.805697575553495e-07,0.14763729009607196,0.3991160357176148,0.01081085205078125,0,5.601897845000167
1790556433129453824,-0.9977484941482544,-0.06759621948003769,-8.016143798828125,-0.016427919268608093,0.3999079763889313,0.010089333169162273,0.19567346572875977,0.011396841146051884,-0.0030851364135742188,0.99823397397995,0.001204378088004887,-0.009919271804392338,-0.058558568358421326,-0.010351563803851604,0.0029540108516812325,8.858463615979417e-07,0.15479172730065663,0.39594106524793055,0.01049346923828125,0,5.651920007000172
1790556433180454912,-0.9983330965042114,-0.04718763008713722,-8.01563549041748,-0.006515538319945335,0.4003719687461853,0.009853415191173553,0.1931450515985489,0.006674445699900389,-0.0024423599243164062,0.998235285282135,0.0009579898905940354,-0.009803981520235538,-0.058560941368341446,-0.009827024303376675,0.00396987609565258,8.848063544064644e-07,0.16226155233119774,0.39241406511451415,0.010163068771362305,0,5.702960397000425
1790556433231456000,-0.9984154105186462,-0.02676139399409294,-8.015138626098633,0.0032622874714434147,0.4006021022796631,0.009626809507608414,0.19052773714065552,0.0021393741481006145,-0.0024919509887695312,0.9982364773750305,0.0007196058868430555,-0.009684551507234573,-0.058563217520713806,-0.0099562993273139,0.003872957080602646,8.899109502635838e-07,0.16959694397921107,0.38873283633056055,0.009840106964111328,0,5.752175491000344
1790556433279457024,-0.9980403780937195,-0.0075311604887247086,-8.014680862426758,0.012341833673417568,0.40060731768608093,0.009408829733729362,0.187997967004776,-0.0020941453985869884,-0.0029582977294921875,0.998237669467926,0.0004968956345692277,-0.009569095447659492,-0.05856534093618393,-0.009981741197407246,0.0031276524532586336,9.093165544982185e-07,0.1763795818046397,0.38513074774428074,0.009542560577392578,0,5.802862029000153
1790556433330458112,-0.997167706489563,0.01289568841457367,-8.014205932617188,0.021856803447008133,0.40039247274398804,0.009197579696774483,0.18524815142154694,-0.006468829233199358,-0.0026407241821289062,0.998238742351532,0.0002669034874998033,-0.009441951289772987,-0.05856751650571823,-0.009665992110967636,0.0035618823021650314,9.238025882041256e-07,0.18345877314496128,0.3811612429905915,0.009233856201171875,0,5.852909809000266
1790556433381459200,-0.9958133101463318,0.033305928111076355,-8.013742446899414,0.031235113739967346,0.39995530247688293,0.008970428258180618,0.18267707526683807,-0.010844763368368149,-0.0025653839111328125,0.9982398152351379,3.750273026525974e-05,-0.009323764592409134,-0.05856968089938164,-0.009190472774207592,0.004004656337201595,9.168014116767154e-07,0.190408233208214,0.37704880437702676,0.00893259048461914,0,5.902397805000419
1790556433429460224,-0.9941045641899109,0.05249028652906418,-8.013315200805664,0.03993861749768257,0.3993445038795471,0.008757059462368488,0.18017004430294037,-0.014829032123088837,-0.0029363632202148438,0.9982407689094543,-0.0001730976946419105,-0.009208844043314457,-0.05857168510556221,-0.00950993224978447,0.0032484475523233414,9.057438887793978e-07,0.1968315477629865,0.37305103759101754,0.008654880523681642,0,5.952238684000349
1790556433480461312,-0.9918344616889954,0.07283630222082138,-8.0128755569458,0.04905478283762932,0.3984880745410919,0.008551487699151039,0.17743587493896484,-0.01892497017979622,-0.0026073455810546875,0.998241662979126,-0.00038915398181416094,-0.009081735275685787,-0.05857369676232338,-0.00924481451511383,0.003618627553805709,9.090440471481998e-07,0.20353290621239994,0.36867167054403543,0.008369112014770507,0,6.0022767430000386
1790556433531462400,-0.9891030788421631,0.09313333034515381,-8.012444496154785,0.05803505703806877,0.3974227011203766,0.008333164267241955,0.17487508058547974,-0.023041019216179848,-0.0025014877319335938,0.9982425570487976,-0.0006054294062778354,-0.00896333996206522,-0.05857572332024574,-0.00871952436864376,0.004040147177875042,8.934984521147271e-07,0.21010853209636116,0.36415996870135947,0.008088922500610352,0,6.0521401210003205
1790556433579463424,-0.9861169457435608,0.11218217015266418,-8.01204776763916,0.06636469811201096,0.39623287320137024,0.00812841858714819,0.17238633334636688,-0.026780910789966583,-0.0028486251831054688,0.9982433319091797,-0.0008037780062295496,-0.008848590776324272,-0.05857757478952408,-0.009092778898775578,0.0033137507271021605,8.814600960249663e-07,0.21618342205900717,0.35979587691741854,0.007831048965454102,0,6.1020679540001765
1790556433630464512,-0.9825092554092407,0.1323540210723877,-8.011639595031738,0.07508907467126846,0.39477065205574036,0.00791771151125431,0.16983702778816223,-0.030727582052350044,-0.0023326873779296875,0.9982441067695618,-0.001011189422570169,-0.00872994214296341,-0.05857951194047928,-0.008359458297491074,0.004169716965407133,8.598205454291019e-07,0.22251793783452084,0.3550371233296072,0.007565736770629883,0,6.152173721000054
1790556433681465600,-0.9784600138664246,0.15244629979133606,-8.01124095916748,0.08367883414030075,0.39311283826828003,0.007716002874076366,0.16721923649311066,-0.03455314040184021,-0.0023355484008789062,0.9982447624206543,-0.0012135845609009266,-0.008608417585492134,-0.0585813894867897,-0.00814931932836771,0.00405215984210372,8.406462370658119e-07,0.2287296606393474,0.35015602842125254,0.007306623458862305,0,6.202134581000337
1790556433729466624,-0.9742519855499268,0.17127510905265808,-8.01087474822998,0.09164111316204071,0.3913778066635132,0.0075234402902424335,0.16472302377223969,-0.038024358451366425,-0.0026979446411132812,0.9982454180717468,-0.0013986770063638687,-0.008492359891533852,-0.05858312547206879,-0.008701702579855919,0.0033707134425640106,8.307457619594061e-07,0.2344648376439456,0.3454531802139033,0.0070685863494873045,0,6.252263079000386
1790556433780467712,-0.969365119934082,0.1911848783493042,-8.010496139526367,0.09997513890266418,0.3893490135669708,0.007324321661144495,0.16218450665473938,-0.041710611432790756,-0.0022220611572265625,0.9982460737228394,-0.001592890708707273,-0.008373447693884373,-0.05858493596315384,-0.007895369082689285,0.004209906328469515,8.100257105070341e-07,0.24044085579679836,0.34034367749440436,0.006822490692138672,0,6.302243143000396
1790556433828468736,-0.9643803834915161,0.2098248451948166,-8.010146141052246,0.10769638419151306,0.3872734606266022,0.007140026893466711,0.159714013338089,-0.04504392296075821,-0.0025949478149414062,0.9982466697692871,-0.0017708633095026016,-0.008258416317403316,-0.05858659744262695,-0.008342134766280651,0.0034794174134731293,7.970375008881092e-07,0.2459554107458073,0.33543140938740523,0.006594991683959961,0,6.3524409230003585
1790556433879469824,-0.9586811661720276,0.22951628267765045,-8.00978946685791,0.11577091366052628,0.3848949372768402,0.0069594597443938255,0.15703536570072174,-0.04844314977526665,-0.0023450851440429688,0.9982472062110901,-0.0019518325570970774,-0.00813207682222128,-0.05858829244971275,-0.008072372525930405,0.003745907684788108,7.949831797304796e-07,0.25169854211748166,0.3301051379417271,0.0063631534576416016,0,6.401959353000166
1790556433930470912,-0.9525735974311829,0.24908195436000824,-8.009438514709473,0.12371232360601425,0.38234204053878784,0.0067680878564715385,0.15452086925506592,-0.051900047808885574,-0.0022439956665039062,0.9982476830482483,-0.002134814392775297,-0.008014123886823654,-0.058589983731508255,-0.00746966851875186,0.0040908860974013805,7.782988973303873e-07,0.25732283221202623,0.32467146645802136,0.006135034561157227,0,6.452414404000137
1790556433981472000,-0.9460645914077759,0.2685130536556244,-8.009098052978516,0.1315232664346695,0.3796176612377167,0.0065817139111459255,0.1519714742898941,-0.0552508719265461,-0.0021963119506835938,0.9982481598854065,-0.002313202479854226,-0.007894597016274929,-0.058591652661561966,-0.007274135015904903,0.004008089657872915,7.611580485900049e-07,0.2628289889503427,0.3191332446457659,0.005913734436035156,0,6.503696376000335
1790556434029473024,-0.9395772814750671,0.2866704761981964,-8.00878620147705,0.13875609636306763,0.37690073251724243,0.006406255066394806,0.14955276250839233,-0.05827796086668968,-0.0024747848510742188,0.9982485771179199,-0.002475896617397666,-0.007781089749187231,-0.05859318748116493,-0.007940937764942646,0.003413305152207613,7.548094913545356e-07,0.2679034900122668,0.3138278176724192,0.005711030960083008,0,6.551971938000406
1790556434080474112,-0.9323073029518127,0.3058156967163086,-8.008461952209473,0.1463177651166916,0.37385129928588867,0.006226283498108387,0.14701960980892181,-0.061502233147621155,-0.0020303726196289062,0.9982489943504333,-0.002646975452080369,-0.007664528675377369,-0.058594804257154465,-0.007019743323326111,0.004170441534370184,7.385002618320868e-07,0.27318119776665517,0.30809474695175293,0.005500268936157226,0,6.6030672880001475
1790556434128475136,-0.9251156449317932,0.3236891031265259,-8.008167266845703,0.15331318974494934,0.3708367943763733,0.0060598053969442844,0.14461706578731537,-0.06440547108650208,-0.0023603439331054688,0.9982492923736572,-0.0028032914269715548,-0.007552115246653557,-0.05859628692269325,-0.007566950283944607,0.0035035409964621067,7.228572940221056e-07,0.27804144402542513,0.3026108883947109,0.005308723449707032,0,6.652282325000215
1790556434179476224,-0.9171096086502075,0.34251728653907776,-8.007859230041504,0.16062013804912567,0.3674832582473755,0.005898260045796633,0.1420191526412964,-0.06734610348939896,-0.0020914077758789062,0.9982497096061707,-0.0029610327910631895,-0.007429103367030621,-0.05859782174229622,-0.007291109301149845,0.00374028692021966,7.071390086821339e-07,0.283092023251296,0.29669324235985245,0.00510849952697754,0,6.702304335999997
1790556434230477312,-0.9087342023849487,0.36117061972618103,-8.007563591003418,0.16779771447181702,0.3639780879020691,0.005726125556975603,0.13956880569458008,-0.07036744803190231,-0.0020380020141601562,0.9982499480247498,-0.0031218938529491425,-0.007313698064535856,-0.05859933793544769,-0.00663315923884511,0.00405096122995019,6.910784691172012e-07,0.2880260461783635,0.2906843002248981,0.00491633415222168,0,6.75230149700019
1790556434278478336,-0.9005200266838074,0.378559947013855,-8.007288932800293,0.17443692684173584,0.3605433404445648,0.005566109903156757,0.13721199333667755,-0.07307657599449158,-0.0022497177124023438,0.9982501864433289,-0.003268447006121278,-0.007203065790235996,-0.05860073119401932,-0.0072708032093942165,0.0034572542645037174,6.702993005092139e-07,0.29256357672457894,0.28494783123246803,0.0047378063201904295,0,6.802348649000123
1790556434329479424,-0.8914461731910706,0.39685192704200745,-8.007013320922852,0.18136797845363617,0.356752872467041,0.0054117715917527676,0.13467290997505188,-0.07581792771816254,-0.0020036697387695312,0.998250424861908,-0.0034159438218921423,-0.007082466967403889,-0.05860217660665512,-0.006963167805224657,0.0037166299298405647,6.580979743375792e-07,0.29727167679178795,0.2787691104477284,0.004558658599853516,0,6.852176704000158
1790556434380480512,-0.8820222020149231,0.4149470031261444,-8.00673770904541,0.18817219138145447,0.35282084345817566,0.005251104477792978,0.13226450979709625,-0.07864784449338913,-0.0018739700317382812,0.9982506632804871,-0.003567021805793047,-0.006968765985220671,-0.05860362574458122,-0.006260879337787628,0.004016473889350891,6.469614390880452e-07,0.3018635555817298,0.2725065643359392,0.0043795108795166016,0,6.903252084000087
1790556434428481536,-0.8728383183479309,0.43179136514663696,-8.006492614746094,0.19446206092834473,0.34899333119392395,0.005100497510284185,0.1299491971731186,-0.08117571473121643,-0.0021238327026367188,0.9982508420944214,-0.0037043681368231773,-0.006859686691313982,-0.05860495567321777,-0.006940021645277739,0.003460422856733203,6.271408778957266e-07,0.30607898748637186,0.2665380621660958,0.004220199584960937,0,6.952585878000264
1790556434479482624,-0.8627526760101318,0.44948384165763855,-8.006233215332031,0.20102399587631226,0.3447951078414917,0.0049574850127100945,0.12745344638824463,-0.08372136205434799,-0.0018215179443359375,0.9982510805130005,-0.003841905854642391,-0.006740815471857786,-0.05860632285475731,-0.006625177338719368,0.003711479948833585,6.088342274779279e-07,0.31044482828929876,0.26011991989837285,0.004051589965820313,0,7.003153552000185
1790556434530483712,-0.8523354530334473,0.4669589102268219,-8.005985260009766,0.20746111869812012,0.34046509861946106,0.004806132055819035,0.12507839500904083,-0.08636482059955597,-0.0017719268798828125,0.99825119972229,-0.003983435686677694,-0.006628265604376793,-0.05860768258571625,-0.005898906383663416,0.004000504966825247,5.887241059099324e-07,0.31469393786588196,0.25362513867370545,0.0038904190063476563,0,7.0525750110000445
1790556434578484736,-0.8422339558601379,0.48320135474205017,-8.005756378173828,0.21340705454349518,0.3362717926502228,0.004665853455662727,0.12279404699802399,-0.08871499449014664,-0.001949310302734375,0.9982513189315796,-0.004111808724701405,-0.006520281080156565,-0.058608945459127426,-0.006617243401706219,0.0034815664403140545,5.648892056342447e-07,0.3185863713604065,0.24744462444749382,0.0037416458129882813,0,7.102022476000002
1790556434629485824,-0.8311913013458252,0.5002353191375732,-8.005521774291992,0.2196051925420761,0.33169421553611755,0.004531752318143845,0.12033402919769287,-0.09107238799333572,-0.0017061233520507812,0.9982514381408691,-0.004239732399582863,-0.006402682978659868,-0.05861024931073189,-0.006301088724285364,0.0037219657097011805,5.539621952266316e-07,0.32260828272068204,0.2408080715749396,0.003589153289794922,0,7.1522218550003345
1790556434677486848,-0.8205122351646423,0.5160513520240784,-8.005308151245117,0.22532586753368378,0.32727447152137756,0.00439610006287694,0.11810914427042007,-0.09335211664438248,-0.0018777847290039062,0.9982514977455139,-0.004363411571830511,-0.006297060288488865,-0.05861147493124008,-0.006404130719602108,0.0035867742262780666,5.381445475904911e-07,0.3262862731281835,0.2344982607914759,0.003450298309326172,0,7.2018743780004115
1790556434728487936,-0.8088677525520325,0.532620370388031,-8.005085945129395,0.2312881201505661,0.32245737314224243,0.004259483423084021,0.1157694160938263,-0.09577851742506027,-0.0014886856079101562,0.9982515573501587,-0.004493448883295059,-0.006185624748468399,-0.058612752705812454,-0.0052839238196611404,0.004092960152775049,5.268062750474201e-07,0.3300796753448674,0.22772883813057804,0.0033058643341064456,0,7.253083257000071
1790556434776488960,-0.7976332306861877,0.5479876399040222,-8.004887580871582,0.23678797483444214,0.31781816482543945,0.004134422168135643,0.11350508779287338,-0.09790091216564178,-0.0017213821411132812,0.9982516169548035,-0.00461041834205389,-0.006078013684600592,-0.058613937348127365,-0.006098019890487194,0.0035706250928342342,5.179584832148976e-07,0.33354180596322935,0.22129835537120526,0.0031769275665283203,0,7.302185719000136
1790556434827490048,-0.7854102253913879,0.5640686750411987,-8.004676818847656,0.24251312017440796,0.3127792179584503,0.004015506245195866,0.11106725037097931,-0.10000213235616684,-0.0014667510986328125,0.998251736164093,-0.00472545949742198,-0.00596086960285902,-0.05861516296863556,-0.005851843860000372,0.0037751696072518826,5.062670993538632e-07,0.33710495250021466,0.21440508869463126,0.0030399322509765624,0,7.352220068000406
1790556434878491136,-0.7728983759880066,0.5798898339271545,-8.004475593566895,0.24811598658561707,0.3076302707195282,0.0038885658141225576,0.10872828960418701,-0.10222357511520386,-0.0014333724975585938,0.998251736164093,-0.004845530726015568,-0.00584901450201869,-0.05861639231443405,-0.005099811591207981,0.0040305741131305695,4.975537990503653e-07,0.3405487857449374,0.2074514354890061,0.0029091358184814456,0,7.402961664000031
1790556434926492160,-0.7608641386032104,0.5945380926132202,-8.004292488098145,0.2532787322998047,0.3026858866214752,0.0037706904113292694,0.10648447275161743,-0.10418007522821426,-0.001590728759765625,0.998251736164093,-0.004954010713845491,-0.005741884931921959,-0.05861753225326538,-0.005910269450396299,0.0035986686125397682,4.892360720987199e-07,0.34368051829352375,0.2008536310811566,0.0027901172637939454,0,7.452700591000394
1790556434977493248,-0.7478093504905701,0.6098390817642212,-8.004097938537598,0.258646696805954,0.2973306179046631,0.0036594788543879986,0.10407168418169022,-0.1061231717467308,-0.0013532638549804688,0.9982517957687378,-0.005060850642621517,-0.00562554644420743,-0.058618705719709396,-0.005583712365478277,0.0038120700046420097,4.821756078854378e-07,0.34689122214291823,0.19378929452210178,0.0026636600494384767,0,7.502778546000172
1790556435028494336,-0.7344837188720703,0.6248645186424255,-8.003918647766113,0.2638910710811615,0.2918790876865387,0.0035490822046995163,0.10165867954492569,-0.10801048576831818,-0.0014324188232421875,0.9982518553733826,-0.005165316630154848,-0.005509271286427975,-0.05861986428499222,-0.005620060954242945,0.0037412545643746853,4.671253179822088e-07,0.34998080577535334,0.18667115581350946,0.0025471210479736327,0,7.552158105000217
1790556435076495360,-0.7217004299163818,0.6387500166893005,-8.003750801086426,0.26871687173843384,0.28665655851364136,0.003436292754486203,0.09946984052658081,-0.10988222807645798,-0.0014858245849609375,0.9982517957687378,-0.005268247332423925,-0.005404273048043251,-0.058620963245630264,-0.005718899425119162,0.003689936827868223,4.6442585244221846e-07,0.3527776859585491,0.17992448903559208,0.002438020706176758,0,7.602311395000015
1790556435127496448,-0.7078672051429749,0.6532262563705444,-8.003573417663574,0.2737279534339905,0.2810125946998596,0.003332270309329033,0.0970851480960846,-0.11172068864107132,-0.0012445449829101562,0.9982518553733826,-0.005369576625525951,-0.005289155524224043,-0.05862211063504219,-0.005261996295303106,0.0038594321813434362,4.5032101070319186e-07,0.35563070269723746,0.17270830598473483,0.0023227214813232424,0,7.6532230970001365
1790556435178497536,-0.6937816143035889,0.6674121618270874,-8.003411293029785,0.27861663699150085,0.2752791941165924,0.0032298131845891476,0.0946887955069542,-0.11347652226686478,-0.00130462646484375,0.9982518553733826,-0.00546741159632802,-0.005173357669264078,-0.05862322822213173,-0.005335239693522453,0.003785209497436881,4.3988842435283004e-07,0.35836091476942866,0.16544511894221844,0.0022173404693603517,0,7.702284551000048
1790556435226498560,-0.6802994608879089,0.6804945468902588,-8.00325870513916,0.2831081748008728,0.26979774236679077,0.003125626826658845,0.09250454604625702,-0.11521763354539871,-0.0013427734375,0.9982517957687378,-0.005563767161220312,-0.005068191327154636,-0.0586242713034153,-0.005473373457789421,0.0037504173815250397,4.3807548877339286e-07,0.3608176594664506,0.15856804092855553,0.0021181583404541017,0,7.752478763999989
1790556435277499648,-0.6657413244247437,0.6941041350364685,-8.003096580505371,0.28776443004608154,0.26388564705848694,0.0030301453080028296,0.09012796729803085,-0.11691243201494217,-0.0011110305786132812,0.998251736164093,-0.005657767876982689,-0.004953053314238787,-0.05862537771463394,-0.005012826062738895,0.003916310146450996,4.24474279725473e-07,0.3633073547649671,0.1512197617662323,0.002012777328491211,0,7.802391180000086
1790556435328500736,-0.6509488821029663,0.7074099779129028,-8.002946853637695,0.2923004627227783,0.2578856348991394,0.00292815244756639,0.08780331164598465,-0.11871153116226196,-0.00107574462890625,0.9982516765594482,-0.00575634092092514,-0.004840767476707697,-0.05862648785114288,-0.004211714491248131,0.004118490498512983,4.154254611421493e-07,0.3656721490174991,0.14383119019522295,0.0019154548645019531,0,7.852286796000044
1790556435376501760,-0.636817991733551,0.7196513414382935,-8.002809524536133,0.29646021127700806,0.25216057896614075,0.0028353589586913586,0.08557698130607605,-0.12025151401758194,-0.00116729736328125,0.9982516169548035,-0.005843808874487877,-0.004733150824904442,-0.05862751230597496,-0.005133666098117828,0.0038177340757101774,4.052351130212628e-07,0.3677830468520926,0.1368427903702262,0.0018261909484863282,0,7.901815786000043
1790556435427502848,-0.6215879321098328,0.7323548793792725,-8.002663612365723,0.30076315999031067,0.24599777162075043,0.0027497720438987017,0.08318538963794708,-0.1217433512210846,-0.0009517669677734375,0.9982516169548035,-0.005927651654928923,-0.004616564605385065,-0.05862858146429062,-0.004795841872692108,0.004004404880106449,3.8724800788259017e-07,0.36990306953047253,0.1293829117310494,0.0017313480377197266,0,7.952263015000426
1790556435478503936,-0.6061414480209351,0.744742214679718,-8.002525329589844,0.3049449026584625,0.23975582420825958,0.0026577983517199755,0.08084066212177277,-0.12337006628513336,-0.0009241104125976562,0.9982515573501587,-0.006017403211444616,-0.0045027295127511024,-0.058629658073186874,-0.003944992087781429,0.004208254627883434,3.89511541243337e-07,0.37189588504599946,0.12188964373747116,0.0016414642333984375,0,8.001811026000269
1790556435526504960,-0.5914114117622375,0.7561083436012268,-8.002403259277344,0.30877047777175903,0.2338109165430069,0.0025728598702698946,0.07859861105680466,-0.12475810945034027,-0.0010433197021484375,0.9982514977455139,-0.006097128614783287,-0.004393793176859617,-0.05863066017627716,-0.004854213912039995,0.003941512666642666,3.79056558585944e-07,0.37365461714024384,0.11480885515821854,0.0015621185302734375,0,8.052506680000079
1790556435577506048,-0.575562596321106,0.7678701877593994,-8.002273559570312,0.3127172887325287,0.22742243111133575,0.0024957109708338976,0.0761922299861908,-0.12609176337718964,-0.0008106231689453125,0.9982514381408691,-0.0061729587614536285,-0.004275993909686804,-0.05863170325756073,-0.0045091924257576466,0.004111336078494787,3.6967725236536353e-07,0.3753985033128801,0.10725782377659736,0.0014778137207031251,0,8.102816157000234
1790556435628507136,-0.5595155954360962,0.7793045043945312,-8.002143859863281,0.3165420591831207,0.2209627628326416,0.00241346494294703,0.07382357120513916,-0.12756535410881042,-0.0007734298706054688,0.9982513785362244,-0.006254972890019417,-0.004160497337579727,-0.05863276124000549,-0.0036538983695209026,0.004294614773243666,3.733714493137086e-07,0.3770130626952204,0.09968038541303322,0.0013935089111328125,0,8.15178314700006
1790556435676508160,-0.5442372560501099,0.7897636890411377,-8.002030372619629,0.32003065943717957,0.21482007205486298,0.002335562137886882,0.07156306505203247,-0.1288115680217743,-0.0009365081787109375,0.9982513189315796,-0.006327506620436907,-0.004050102084875107,-0.05863374471664429,-0.004584092181175947,0.004069231916218996,3.657206093521381e-07,0.37841399654139246,0.09252677091107446,0.0013197422027587892,0,8.201951774000008
1790556435727509248,-0.5278234481811523,0.8005518317222595,-8.001916885375977,0.32361850142478943,0.20822879672050476,0.0022641897667199373,0.06914028525352478,-0.12999513745307922,-0.000720977783203125,0.9982513189315796,-0.006395711097866297,-0.003931008279323578,-0.05863478034734726,-0.004238917492330074,0.0042223380878567696,3.5301772527418507e-07,0.37977558082814894,0.08490507039601942,0.0012459754943847656,0,8.252276634000282
1790556435778510336,-0.5112296342849731,0.8110023140907288,-8.001803398132324,0.3270832598209381,0.2015739530324936,0.002190040424466133,0.06674424558877945,-0.131321519613266,-0.0006399154663085938,0.99825119972229,-0.006470296997576952,-0.003813688177615404,-0.05863583832979202,-0.003374757943674922,0.004389120731502771,3.4265255521859217e-07,0.38100568168197735,0.07726398713947963,0.0011722087860107423,0,8.302294785000413
1790556435826511360,-0.49545326828956604,0.8205265998840332,-8.001696586608887,0.3302319049835205,0.195254385471344,0.0021212000865489244,0.06446230411529541,-0.1324295997619629,-0.0007753372192382812,0.9982511401176453,-0.006535868160426617,-0.0037017192225903273,-0.058636825531721115,-0.004324805457144976,0.0042037637904286385,3.3517579822728294e-07,0.38204282149600977,0.07005692929580205,0.0011027812957763673,0,8.351941825000267
1790556435877512448,-0.47852829098701477,0.830312192440033,-8.001585960388184,0.3334573209285736,0.1884823590517044,0.0020568384788930416,0.06202014535665512,-0.13346876204013824,-0.0006237030029296875,0.9982511401176453,-0.0065966942347586155,-0.0035811695270240307,-0.05863786116242409,-0.003976537846028805,0.004340274725109339,3.201019183052267e-07,0.38301602864852,0.06238539117198688,0.001030874252319336,0,8.402332589000252
1790556435928513536,-0.4614419937133789,0.8397510647773743,-8.00148868560791,0.33655846118927,0.18165408074855804,0.001986454240977764,0.05959433689713478,-0.1346527338027954,-0.0005960464477539062,0.9982510209083557,-0.006664023734629154,-0.0034618782810866833,-0.05863890051841736,-0.0031015772838145494,0.004487775731831789,3.1372510989058355e-07,0.38385597445959496,0.05470161240654128,0.0009676456451416016,0,8.452556774000186
1790556435976514560,-0.4452190399169922,0.8483153581619263,-8.001397132873535,0.33936363458633423,0.1751779466867447,0.0019240322289988399,0.05728822201490402,-0.13562539219856262,-0.0006465911865234375,0.9982509613037109,-0.006722790654748678,-0.003348213853314519,-0.058639876544475555,-0.004061449319124222,0.004343122243881226,3.088286746333324e-07,0.384524216727844,0.047460890559952076,0.0009081363677978516,0,8.502195542000209
1790556436027515648,-0.42783766984939575,0.8570728898048401,-8.001299858093262,0.34222283959388733,0.16824668645858765,0.001868532970547676,0.05482393503189087,-0.13652119040489197,-0.0004730224609375,0.9982509613037109,-0.006776347756385803,-0.0032260948792099953,-0.058640897274017334,-0.00371198495849967,0.004464609082788229,3.054669548419042e-07,0.38510378291289016,0.03976057093996398,0.0008449077606201172,0,8.55212573200015
1790556436078516736,-0.4103136956691742,0.8654758334159851,-8.001202583312988,0.3449564576148987,0.16126637160778046,0.0018074115505442023,0.0523659773170948,-0.13756424188613892,-0.0004558563232421875,0.9982508420944214,-0.006836526561528444,-0.00310472771525383,-0.058641932904720306,-0.002830677665770054,0.0045897928066551685,3.100425942648144e-07,0.3855484261599242,0.03205518887453035,0.0007816791534423828,0,8.602488176000406
1790556436126517760,-0.39369598031044006,0.8730581998825073,-8.001111030578613,0.34741440415382385,0.1546536535024643,0.001749149989336729,0.05003457888960838,-0.13840487599372864,-0.0005998611450195312,0.9982507824897766,-0.0068885330110788345,-0.0029892479069530964,-0.058642901480197906,-0.0038015313912183046,0.004488120786845684,3.123551266526192e-07,0.3858431875123037,0.024800773568506032,0.0007221698760986328,0,8.65278735200036
1790556436177518848,-0.37591347098350525,0.8807656168937683,-8.001029968261719,0.3499033451080322,0.14758425951004028,0.001694943755865097,0.047546807676553726,-0.1391596794128418,-0.00046253204345703125,0.9982507824897766,-0.006934890057891607,-0.0028654763009399176,-0.05864390730857849,-0.003449978306889534,0.004591226577758789,2.979428188609745e-07,0.3860244898520707,0.01709286039674157,0.0006694793701171875,0,8.702679159000127
1790556436228519936,-0.3580072522163391,0.8881114721298218,-8.000948905944824,0.35226520895957947,0.14047309756278992,0.0016396332066506147,0.04505481943488121,-0.1400602161884308,-0.00034236907958984375,0.9982507228851318,-0.006987908389419317,-0.0027419566176831722,-0.05864493176341057,-0.002560962922871113,0.004696211311966181,2.890166683755524e-07,0.3860694680178311,0.009387285742327056,0.0006167888641357422,0,8.752160795000236
1790556436276520960,-0.34104710817337036,0.8946928977966309,-8.000872611999512,0.35437193512916565,0.13374383747577667,0.0015899032587185502,0.042696624994277954,-0.1407679319381714,-0.0004444122314453125,0.9982506632804871,-0.007033193483948708,-0.002624622080475092,-0.05864589288830757,-0.003536784090101719,0.004635442979633808,2.815750121953897e-07,0.3859868933304772,0.00213947419828725,0.0005671977996826172,0,8.802117274000011
1790556436327522048,-0.3229193091392517,0.9013307094573975,-8.000791549682617,0.35648617148399353,0.12655185163021088,0.0015396523522213101,0.040183115750551224,-0.14156728982925415,-0.00024318695068359375,0.9982505440711975,-0.007080528419464827,-0.0024996502324938774,-0.05864691734313965,-0.0022839102894067764,0.004780174698680639,2.6906994321507227e-07,0.3857661657432576,-0.00555415499308351,0.0005145072937011719,0,8.851957885000047
1790556436378523136,-0.30468690395355225,0.9076008796691895,-8.000710487365723,0.3584720492362976,0.11932593584060669,0.0014922297559678555,0.03765492141246796,-0.14226287603378296,-0.00025844573974609375,0.9982505440711975,-0.007124151568859816,-0.002373630413785577,-0.05864793062210083,-0.002097941003739834,0.004802046809345484,2.578711644218856e-07,0.3854080391773172,-0.013237831726258531,0.00046181678771972656,0,8.90216497900019
1790556436426524160,-0.287437379360199,0.9131647944450378,-8.00063419342041,0.3602234423160553,0.11249634623527527,0.001445273868739605,0.035272546112537384,-0.1427823156118393,-0.00040721893310546875,0.9982504844665527,-0.0071601239033043385,-0.002254352206364274,-0.05864887684583664,-0.003313574008643627,0.0047852834686636925,2.512949208721693e-07,0.38494526642824006,-0.02045813275780091,0.00041222572326660156,0,8.951909842000077
1790556436477525248,-0.26902076601982117,0.9187163710594177,-8.00056266784668,0.36195850372314453,0.10520588606595993,0.001396186533384025,0.032726485282182693,-0.14341139793395996,-0.00022792816162109375,0.998250424861908,-0.00719870813190937,-0.002127213403582573,-0.058649878948926926,-0.002021883614361286,0.004883046727627516,2.5119743440882303e-07,0.3843197557526726,-0.028115135992681832,0.0003657341003417969,0,9.001882336000108
1790556436525526272,-0.25160959362983704,0.9236011505126953,-8.00050163269043,0.3634730279445648,0.09832154214382172,0.0013533048331737518,0.03032563254237175,-0.14386703073978424,-0.00032711029052734375,0.9982503652572632,-0.0072311051189899445,-0.00200677034445107,-0.05865080654621124,-0.0029552425257861614,0.004888840485364199,2.5379284807058866e-07,0.3836049820631202,-0.03530574924356607,0.0003260612487792969,0,9.053189301000202
1790556436576527360,-0.233033686876297,0.9284284710884094,-8.000436782836914,0.3649557828903198,0.09098412096500397,0.0013176501961424947,0.027775876224040985,-0.1442130208015442,-0.00014591217041015625,0.9982503652572632,-0.007256724406033754,-0.0018785307183861732,-0.05865177512168884,-0.0026444154791533947,0.004938244353979826,2.3120831826872745e-07,0.3827114121227922,-0.0429263785578816,0.0002839088439941406,0,9.101876865000122
1790556436627528448,-0.2143855094909668,0.932881236076355,-8.000371932983398,0.36630794405937195,0.08362554013729095,0.0012779927346855402,0.025196710601449013,-0.14471061527729034,-0.00013065338134765625,0.9982503056526184,-0.007289229426532984,-0.001749249640852213,-0.05865279585123062,-0.0017839072970673442,0.004977901931852102,2.2409747657547996e-07,0.3816796096594606,-0.050524763637548556,0.00024175643920898438,0,9.151958250000007
1790556436678529536,-0.19567172229290009,0.9369580745697021,-8.000307083129883,0.36752891540527344,0.07624669373035431,0.001239562639966607,0.022612739354372025,-0.14512230455875397,-0.00011348724365234375,0.9982503056526184,-0.007318394258618355,-0.0016193909104913473,-0.0586538165807724,-0.001612895866855979,0.0050094095058739185,2.1518607695725223e-07,0.3805095278281799,-0.058098156966819914,0.00019960403442382814,0,9.202094112000395
1790556436726530560,-0.17800478637218475,0.94045090675354,-8.000246047973633,0.3685579001903534,0.06928593665361404,0.0012021956499665976,0.020184610038995743,-0.14538021385669708,-0.0002384185791015625,0.9982502460479736,-0.00734094250947237,-0.001496773213148117,-0.05865476652979851,-0.0027888943441212177,0.005074446555227041,2.1234785663182265e-07,0.3792819541482229,-0.06520097725901676,0.00015993118286132814,0,9.252366640000218
1790556436777531648,-0.1591828316450119,0.9437954425811768,-8.000181198120117,0.36952221393585205,0.061869893223047256,0.0011636253912001848,0.017577139660716057,-0.1457315981388092,-7.05718994140625e-05,0.9982501864433289,-0.007365345023572445,-0.00136567500885576,-0.05865577980875969,-0.0014738247264176607,0.005066323094069958,2.049318510444209e-07,0.3778435728432725,-0.07271856777556998,0.00011777877807617188,0,9.30299969500038
1790556436825532672,-0.14142602682113647,0.9465973377227783,-8.000120162963867,0.370309442281723,0.054881174117326736,0.0011276816949248314,0.015142031013965607,-0.1458590030670166,-0.0002269744873046875,0.9982501268386841,-0.007384330965578556,-0.00124203076120466,-0.0586567260324955,-0.002394799143075943,0.005162717774510384,1.9158103725658293e-07,0.37636364962158264,-0.07976409005233959,7.810592651367188e-05,0,9.35205562200008
1790556436876533760,-0.12252124398946762,0.949206531047821,-8.000062942504883,0.3710174560546875,0.04744884744286537,0.0010951056610792875,0.012556757777929306,-0.14593707025051117,-0.000118255615234375,0.9982501864433289,-0.007395668886601925,-0.0011111005442216992,-0.058657724410295486,-0.0020875371992588043,0.005171023774892092,1.7256304829516012e-07,0.37465738665355297,-0.08721595619879428,4.0912628173828124e-05,0,9.40170228900024
1790556436927534848,-0.10358372330665588,0.9514367580413818,-8.000014305114746,0.3715926706790924,0.04000914841890335,0.0010589369339868426,0.009923841804265976,-0.14616037905216217,-6.771087646484375e-05,0.9982501268386841,-0.007413728162646294,-0.0009782016277313232,-0.058658745139837265,-0.001226536463946104,0.00516181206330657,1.7005724828322855e-07,0.37281341763183184,-0.09463056255982978,9.298324584960938e-06,0,9.452536293000321
1790556436975535872,-0.08573637157678604,0.9531888961791992,-7.999964714050293,0.3720122277736664,0.03300197795033455,0.0010282089933753014,0.00746071757748723,-0.1462366133928299,-0.00010967254638671875,0.9982500672340393,-0.007426372729241848,-0.0008530920604243875,-0.05865967646241188,-0.0022043397184461355,0.005293111316859722,1.6188195672839356e-07,0.3709523911080451,-0.10157240692708687,-2.2935867309570313e-05,0,9.502166384000247
1790556437026536960,-0.06675472855567932,0.9546818733215332,-7.999916076660156,0.37232837080955505,0.025553399696946144,0.001002879929728806,0.004860127344727516,-0.14618808031082153,9.5367431640625e-07,0.9982501268386841,-0.0074312337674200535,-0.000720946816727519,-0.05866066738963127,-0.0018515163101255894,0.005279656033962965,1.4971735140534292e-07,0.36884199083435165,-0.10890684638844887,-5.45501708984375e-05,0,9.551913541000431
1790556437077538048,-0.047760359942913055,0.9557952284812927,-7.9998674392700195,0.3725108206272125,0.01810401864349842,0.0009733362239785492,0.002204385120421648,-0.14628033339977264,2.574920654296875e-05,0.9982500672340393,-0.007442633621394634,-0.0005864377599209547,-0.05866168439388275,-0.0009674227330833673,0.005242565646767616,1.4201918929757085e-07,0.36659488242707655,-0.11619644429158152,-8.61644744873047e-05,0,9.602026083000055
1790556437125539072,-0.029877809807658195,0.9564960598945618,-7.999821662902832,0.3725598454475403,0.011093909852206707,0.0009454434621147811,-0.0002726133679971099,-0.14623022079467773,-8.106231689453125e-05,0.9982500076293945,-0.007448792923241854,-0.0004600966349244118,-0.05866262689232826,-0.0019175498746335506,0.005416070111095905,1.331727474962463e-07,0.36435548743737134,-0.12301379799732116,-0.00011591911315917968,0,9.651943487000153
1790556437176540160,-0.010878298431634903,0.9568719863891602,-7.999773025512695,0.3724815547466278,0.003649018704891205,0.0009222128428518772,-0.0028815479017794132,-0.1460445374250412,3.4332275390625e-05,0.9982500076293945,-0.007446695119142532,-0.00032705935882404447,-0.058663610368967056,-0.0015625582309439778,0.005376396235078573,1.1187395898559771e-07,0.3618443876095696,-0.13020854807992613,-0.0001475334167480469,0,9.702573963000305
1790556437227541248,0.008113842457532883,0.9568684101104736,-7.999724388122559,0.3722708523273468,-0.003783885156735778,0.0008990694768726826,-0.005487892311066389,-0.14580939710140228,-1.33514404296875e-05,0.9982500076293945,-0.007442595437169075,-0.0001937628840096295,-0.05866460129618645,-0.0016124362591654062,0.005440272856503725,1.048513524892769e-07,0.3591980704033214,-0.13735068936434705,-0.00017914772033691406,0,9.752420643000278
1790556437275542272,0.02597597986459732,0.9565190076828003,-7.999680519104004,0.37194934487342834,-0.010772685520350933,0.0008688750094734132,-0.008001438342034817,-0.14568744599819183,-0.00011730194091796875,0.9982500076293945,-0.007443876005709171,-6.548643432324752e-05,-0.05866555497050285,-0.0017117264214903116,0.005515374708920717,1.058929086639182e-07,0.356584425777883,-0.14402253696948863,-0.00020766258239746094,0,9.801893514000312
1790556437326543360,0.04493429884314537,0.9557803273200989,-7.999639987945557,0.37147659063339233,-0.018188757821917534,0.0008449047454632819,-0.010628558695316315,-0.14541611075401306,2.193450927734375e-05,0.9982500076293945,-0.007437326014041901,6.881707668071613e-05,-0.05866655334830284,-0.001211484195664525,0.005466837901622057,9.976444204085055e-08,0.3536774368882871,-0.15105546448966262,-0.0002340078353881836,0,9.852698772000167
1790556437377544448,0.06386511772871017,0.9546639919281006,-7.999599456787109,0.3708709478378296,-0.025586796924471855,0.0008239157614298165,-0.013241633772850037,-0.14506517350673676,3.337860107421875e-05,0.9982500076293945,-0.007427459117025137,0.00020292102999519557,-0.058667540550231934,-0.0012912795646116138,0.005542523693293333,8.027525666420843e-08,0.3506372210150816,-0.1580284771668417,-0.00026035308837890625,0,9.902191965000384
1790556437425545472,0.08165113627910614,0.953268826007843,-7.999561309814453,0.3701772689819336,-0.03253686800599098,0.0007977711502462626,-0.015766961500048637,-0.14481747150421143,-4.482269287109375e-05,0.9982499480247498,-0.007422447204589844,0.000332261057337746,-0.05866849049925804,-0.0014234334230422974,0.0056160748936235905,7.511058441878049e-08,0.3476548299260341,-0.16453417831012085,-0.00028514862060546875,0,9.951948341000389
1790556437476546560,0.10050897300243378,0.9514213800430298,-7.999520778656006,0.36930856108665466,-0.039905253797769547,0.0007778093568049371,-0.01839551515877247,-0.14441072940826416,8.296966552734375e-05,0.9982499480247498,-0.007408998906612396,0.0004671131318900734,-0.05866948515176773,-0.000926969398278743,0.005544397514313459,6.65531842969358e-08,0.3443583539344057,-0.17138343804199596,-0.0003114938735961914,0,10.002588411000033
1790556437527547648,0.11931907385587692,0.9491986632347107,-7.999480247497559,0.3683048188686371,-0.047254182398319244,0.0007535329787060618,-0.021091070026159286,-0.14409784972667694,9.250640869140625e-05,0.9982498288154602,-0.007399977650493383,0.0006050600786693394,-0.05867048725485802,-9.579327888786793e-05,0.005432795733213425,6.518070705396894e-08,0.3409312260749674,-0.1781651922554087,-0.00033783912658691406,0,10.053307785000015
1790556437575548672,0.13697288930416107,0.9467647671699524,-7.999442100524902,0.36723649501800537,-0.05415067821741104,0.0007301607984118164,-0.023579468950629234,-0.1436561942100525,-1.049041748046875e-05,0.9982498288154602,-0.007386187091469765,0.0007335694972425699,-0.05867142975330353,-0.001019428251311183,0.0057167778722941875,4.9084839304214256e-08,0.33758726486438584,-0.18448401961370503,-0.00036263465881347656,0,10.102379920000203
1790556437626549760,0.15567061305046082,0.9438166618347168,-7.999403953552246,0.3659703731536865,-0.0614541694521904,0.0007113092578947544,-0.02617998607456684,-0.1430521160364151,9.822845458984375e-05,0.9982497692108154,-0.007362752687186003,0.0008676185389049351,-0.05867241322994232,-0.000665660307276994,0.005600901320576668,3.340993259826064e-08,0.33390947752250894,-0.19112740568792017,-0.00038743019104003906,0,10.151831953000055
1790556437677550848,0.17430035769939423,0.9404966235160828,-7.999371528625488,0.36457014083862305,-0.06872960180044174,0.0006882660672999918,-0.028862785547971725,-0.14256320893764496,0.00011348724365234375,0.9982497096061707,-0.00734467850998044,0.0010054870508611202,-0.058673422783613205,0.00018668011762201786,0.00545142637565732,3.572101903159819e-08,0.3301041700845591,-0.19769571333477703,-0.0004085063934326172,0,10.202280200000132
1790556437725551872,0.19176599383354187,0.9370336532592773,-7.999341011047363,0.36312949657440186,-0.07554919272661209,0.0006681111408397555,-0.03133309632539749,-0.14196862280368805,5.340576171875e-05,0.9982497096061707,-0.007322969380766153,0.0011336780153214931,-0.05867436155676842,-0.0006699903751723468,0.005774649325758219,2.1116475679150426e-08,0.3264072721937001,-0.2038069777113955,-0.0004283428192138672,0,10.252520178000395
1790556437776552960,0.21024419367313385,0.932996392250061,-7.9993085861206055,0.3614687919616699,-0.0827629491686821,0.0006537971785292029,-0.03390916809439659,-0.1412096619606018,0.00017547607421875,0.9982497692108154,-0.007291589863598347,0.001267016283236444,-0.058675363659858704,-0.00031544402008876204,0.005636582616716623,3.4194911346929757e-09,0.3223578630025274,-0.21022275350412303,-0.0004494190216064453,0,10.3018825500003
1790556437827554048,0.22863435745239258,0.9285922050476074,-7.999276161193848,0.3596751093864441,-0.08994057774543762,0.0006352300988510251,-0.03657476231455803,-0.14056099951267242,0.00017833709716796875,0.9982496500015259,-0.007265356834977865,0.001404549926519394,-0.05867637321352959,0.0005120603018440306,0.005459909327328205,-1.3726623393495174e-08,0.3181845304479075,-0.2165563938945272,-0.00047049522399902346,0,10.352108107000277
1790556437875555072,0.2458561360836029,0.9241134524345398,-7.999245643615723,0.3578651249408722,-0.09666089713573456,0.0006170565611682832,-0.03902213275432587,-0.1398220807313919,7.534027099609375e-05,0.9982497096061707,-0.007236164528876543,0.0015321379760280252,-0.05867733061313629,-0.0003243371029384434,0.005819638725370169,-2.33313475206387e-08,0.31414475763808775,-0.22244019488376407,-0.0004903316497802734,0,10.401802003000284
1790556437926556160,0.26405584812164307,0.9190024733543396,-7.999213218688965,0.35581323504447937,-0.10376158356666565,0.0006033576210029423,-0.0415678471326828,-0.13891303539276123,0.00017833709716796875,0.9982497096061707,-0.007197055034339428,0.0016644418938085437,-0.05867832899093628,1.8862017896026373e-05,0.005657242611050606,-4.243226570110892e-08,0.30973488086963885,-0.22860754141110093,-0.0005114078521728516,0,10.4527138010003
1790556437977557248,0.2821476459503174,0.9135302901268005,-7.999180793762207,0.3536297678947449,-0.11081847548484802,0.0005848191794939339,-0.04420950263738632,-0.13811054825782776,0.00017547607421875,0.9982496500015259,-0.007162943482398987,0.0018012755317613482,-0.058679357171058655,0.0008249690872617066,0.005453053861856461,-5.1008548496156436e-08,0.30520517949377324,-0.23468562679945243,-0.0005324840545654297,0,10.502637941000103
1790556438025558272,0.29907044768333435,0.9080522656440735,-7.999150276184082,0.35145437717437744,-0.11741816997528076,0.0005665269563905895,-0.046627067029476166,-0.13723106682300568,6.961822509765625e-05,0.9982495903968811,-0.0071264589205384254,0.0019278981490060687,-0.058680303394794464,1.765094930306077e-05,0.005847353953868151,-6.208874481217208e-08,0.30083394152392207,-0.24032267899257342,-0.0005523204803466797,0,10.552308064000044
1790556438076559360,0.3169333040714264,0.901885986328125,-7.999120712280273,0.3490157425403595,-0.12438330799341202,0.0005525906453840435,-0.049134984612464905,-0.1361764520406723,0.00017070770263671875,0.9982495903968811,-0.007079831324517727,0.002058772835880518,-0.05868130549788475,0.0003535662544891238,0.005660534370690584,-8.389359607008373e-08,0.2960762121024201,-0.24622118032470752,-0.0005715370178222657,0,10.601988328000061
1790556438127560448,0.3346685767173767,0.895365834236145,-7.999096393585205,0.3464474380016327,-0.13129708170890808,0.0005347803235054016,-0.05174456909298897,-0.13522301614284515,0.00018787384033203125,0.9982495307922363,-0.007037984672933817,0.002194485627114773,-0.05868232250213623,0.001137378392741084,0.005428892560303211,-9.15579576599157e-08,0.2912032695909768,-0.25202384417890356,-0.0005873441696166992,0,10.652904128000046
1790556438175561472,0.3512379825115204,0.8889082074165344,-7.999073505401611,0.3439115583896637,-0.13775520026683807,0.0005194263649173081,-0.05412430316209793,-0.13420487940311432,0.00012969970703125,0.9982494711875916,-0.006994313094764948,0.002319734077900648,-0.05868326500058174,0.0003601906937547028,0.005856272764503956,-1.1021324297644242e-07,0.2865133155408672,-0.25739554086965133,-0.0006022214889526367,0,10.70269633900034
1790556438226562560,0.36870649456977844,0.8817086219787598,-7.999049186706543,0.34109213948249817,-0.1445608139038086,0.0005097502144053578,-0.056577350944280624,-0.13293325901031494,0.0002422332763671875,0.9982495307922363,-0.0069403378292918205,0.0024487506598234177,-0.05868427827954292,0.0006872402736917138,0.005645295605063438,-1.1995116722118837e-07,0.281421711444597,-0.26300568209938846,-0.0006180286407470704,0,10.751923297000303
1790556438277563648,0.386027991771698,0.8741637468338013,-7.999024868011475,0.33814558386802673,-0.15130549669265747,0.0004959154757671058,-0.05914504453539848,-0.13182179629802704,0.00024318695068359375,0.9982494711875916,-0.00689089298248291,0.002582885790616274,-0.0586853101849556,0.0014414077159017324,0.0053867157548666,-1.3546483046411595e-07,0.276220027062489,-0.2685137651610539,-0.0006338357925415039,0,10.80216394900026
1790556438325564672,0.4021904468536377,0.86674964427948,-7.999001979827881,0.33525583148002625,-0.15759728848934174,0.00048212934052571654,-0.06147829070687294,-0.13066041469573975,0.0001430511474609375,0.9982494115829468,-0.006840246729552746,0.002706336323171854,-0.0586862713098526,0.0006964988424442708,0.005845270119607449,-1.42972083949644e-07,0.2712254160025503,-0.2736024792010344,-0.0006487131118774414,0,10.852030729000035
1790556438376565760,0.4192078113555908,0.8585426807403564,-7.9989776611328125,0.33205923438072205,-0.16422459483146667,0.00046835315879434347,-0.06401634961366653,-0.12944623827934265,0.0002765655517578125,0.9982494115829468,-0.0067852213978767395,0.0028388372156769037,-0.05868729576468468,0.0017184740863740444,0.005271695554256439,-1.511091483052951e-07,0.26581548400738747,-0.27890599429883767,-0.0006645202636718751,0,10.902427993000401
1790556438424566784,0.4350724518299103,0.8505111932754517,-7.998954772949219,0.32893699407577515,-0.17040039598941803,0.00045574860996566713,-0.06630165874958038,-0.12818704545497894,0.00015735626220703125,0.9982492923736572,-0.006729465909302235,0.0029602714348584414,-0.058688241988420486,0.0010044137015938759,0.005778586491942406,-1.5956253207605187e-07,0.2606283700924661,-0.28379851060052386,-0.0006793975830078125,0,10.952234792000127
1790556438475567872,0.4517614245414734,0.8416545987129211,-7.99893045425415,0.325499564409256,-0.1768949180841446,0.00044686204637400806,-0.06864936649799347,-0.12673763930797577,0.00024509429931640625,0.998249351978302,-0.006663013715296984,0.003084390191361308,-0.05868925899267197,0.0012726993300020695,0.005554705858230591,-1.718436095643483e-07,0.2550175556799804,-0.2888897369200081,-0.0006952047348022461,0,11.001743891000388
1790556438526568960,0.46827203035354614,0.8324685096740723,-7.998906135559082,0.32194024324417114,-0.18331775069236755,0.00043302439735271037,-0.07111681997776031,-0.12537536025047302,0.00023651123046875,0.9982492923736572,-0.006600738037377596,0.0032142626587301493,-0.05869029834866524,0.001958106178790331,0.0052575296722352505,-1.7986363332056499e-07,0.2493061549975155,-0.2938686825341532,-0.0007110118865966798,0,11.05271502200003
1790556438574569984,0.4836428463459015,0.8235253691673279,-7.998883247375488,0.3184787333011627,-0.18929541110992432,0.0004189192841295153,-0.07334722578525543,-0.12398874014616013,0.000133514404296875,0.9982492327690125,-0.006538355723023415,0.0033333399333059788,-0.058691270649433136,0.0012715018820017576,0.00576775660738349,-1.9346495605532255e-07,0.24384072478903052,-0.2984506397985075,-0.0007258892059326172,0,11.102053909999995
1790556438625571072,0.4997893273830414,0.8137106895446777,-7.99885892868042,0.3146834671497345,-0.19557318091392517,0.00040900419116951525,-0.07563677430152893,-0.12241600453853607,0.00022792816162109375,0.9982492327690125,-0.0064654843881726265,0.003454874036833644,-0.05869229510426521,0.0015692722517997026,0.0054978905245661736,-1.993442424463865e-07,0.23794011372903534,-0.3032064190250207,-0.0007416963577270508,0,11.152039874000366
1790556438676572160,0.5157393217086792,0.8035777807235718,-7.998837471008301,0.3107694685459137,-0.20177268981933594,0.0003943954943679273,-0.07804667204618454,-0.1209217756986618,0.00022220611572265625,0.9982491731643677,-0.006396419834345579,0.0035822486970573664,-0.05869337171316147,0.0022383767645806074,0.005172709934413433,-2.1040317221832083e-07,0.23194511377775381,-0.3078444219464758,-0.0007556438446044922,0,11.202156082000329
1790556438724573184,0.5305659174919128,0.7937538027763367,-7.998821258544922,0.3069770336151123,-0.20753417909145355,0.00038058075006119907,-0.08021391928195953,-0.11941467225551605,0.000141143798828125,0.9982491135597229,-0.006327726878225803,0.0036985750775784254,-0.05869435891509056,0.0015999547904357314,0.005709300749003887,-2.2340189786973497e-07,0.22621867866427708,-0.3121003722745731,-0.0007661819458007812,0,11.25188941000033
1790556438775574272,0.5461168885231018,0.7830147743225098,-7.998805046081543,0.3028336465358734,-0.2135758399963379,0.00037292446359060705,-0.08242927491664886,-0.11771740019321442,0.0002727508544921875,0.9982491135597229,-0.006248404271900654,0.0038167538587003946,-0.05869540572166443,0.00188548699952662,0.0054153939709067345,-2.3222987977078446e-07,0.2200470515369129,-0.3165046282032562,-0.0007767200469970704,0,11.302063260000068
1790556438826575360,0.561453640460968,0.7719698548316956,-7.998788833618164,0.29857519268989563,-0.21953269839286804,0.0003624099772423506,-0.08476781100034714,-0.11609023809432983,0.0002880096435546875,0.9982490539550781,-0.006172482855618,0.003940932918339968,-0.05869647487998009,0.0025225256104022264,0.005064043216407299,-2.4671871301507053e-07,0.2137877391106305,-0.32078600559724485,-0.0007872581481933594,0,11.352299494000363
1790556438874576384,0.5756873488426208,0.7612991333007812,-7.998773574829102,0.2944621443748474,-0.2250598669052124,0.0003521643520798534,-0.08686088770627975,-0.11446353048086166,0.0001983642578125,0.9982489943504333,-0.006097464356571436,0.004053922835737467,-0.05869746580719948,0.0019281210843473673,0.005624896846711636,-2.5598035335860914e-07,0.2078185850628977,-0.3247017905262082,-0.0007971763610839844,0,11.401852622000206
1790556438925577472,0.5905913710594177,0.7496727705001831,-7.998757362365723,0.28998199105262756,-0.2308463603258133,0.00034644646802917123,-0.08899188041687012,-0.11264493316411972,0.00029277801513671875,0.9982489943504333,-0.006011759862303734,0.004168183542788029,-0.05869852751493454,0.002203749492764473,0.005308567546308041,-2.6841090061680006e-07,0.20139594183958573,-0.3287397269477711,-0.0008077144622802735,0,11.452177801000289
1790556438976578560,0.6052641272544861,0.7377536296844482,-7.998741149902344,0.2853911221027374,-0.23654165863990784,0.00033638684544712305,-0.09124864637851715,-0.11088849604129791,0.00028705596923828125,0.9982488751411438,-0.005929105915129185,0.0042886012233793736,-0.0586995966732502,0.002805802971124649,0.0049333213828504086,-2.7557453563531453e-07,0.19489264586730373,-0.3326499270453802,-0.0008182525634765625,0,11.502949282000372
1790556439024579584,0.6188574433326721,0.7262723445892334,-7.998725891113281,0.28096917271614075,-0.24181689321994781,0.00032596534583717585,-0.09325811266899109,-0.10914573818445206,0.0001926422119140625,0.9982488751411438,-0.0058479104191064835,0.004397753160446882,-0.058700598776340485,0.0022542327642440796,0.005517047829926014,-2.903105382756621e-07,0.18870044705249422,-0.3362120266460335,-0.0008281707763671875,0,11.552018257000327
1790556439075580672,0.6330651044845581,0.7137984037399292,-7.998709678649902,0.276165246963501,-0.24732962250709534,0.0003198898339178413,-0.09529486298561096,-0.10720962285995483,0.00028514862060546875,0.998248815536499,-0.005756006110459566,0.004507585894316435,-0.058701664209365845,0.0025160268414765596,0.005179903469979763,-2.9862479777875706e-07,0.1820477623776993,-0.3398699112734911,-0.0008387088775634766,0,11.60207827000022
1790556439126581760,0.6470251083374023,0.7010456919670105,-7.998693466186523,0.27125537395477295,-0.2527450621128082,0.0003093996492680162,-0.097460076212883,-0.10532844066619873,0.0002803802490234375,0.9982487559318542,-0.005666824989020824,0.004623731132596731,-0.0587027408182621,0.0030811855103820562,0.004782000556588173,-3.028526407433674e-07,0.17532181964860197,-0.34339556938425275,-0.0008492469787597656,0,11.652423999000348
1790556439174582784,0.6599327921867371,0.6887930631637573,-7.998678207397461,0.2665376663208008,-0.2577512264251709,0.00029859336791560054,-0.09937737882137299,-0.10347354412078857,0.00018310546875,0.9982486963272095,-0.005579609889537096,0.004728585481643677,-0.05870373919606209,0.0025774312671273947,0.005387193989008665,-3.1656455234951864e-07,0.16892695992370538,-0.34659184855618674,-0.0008591651916503906,0,11.702642114000355
1790556439225583872,0.6733965277671814,0.6755139231681824,-7.998661994934082,0.26142436265945435,-0.2629722058773041,0.00029207722400315106,-0.10131127387285233,-0.10142485052347183,0.00027561187744140625,0.9982486367225647,-0.005481722764670849,0.004833526909351349,-0.05870480090379715,0.002823994029313326,0.005030544940382242,-3.262889549660031e-07,0.1620663373760418,-0.34985707060413296,-0.0008697032928466797,0,11.751961085000403
1790556439276584960,0.6865969896316528,0.6619710922241211,-7.998645782470703,0.2562103569507599,-0.2680899500846863,0.00028117792680859566,-0.10337592661380768,-0.09942294657230377,0.000270843505859375,0.9982485771179199,-0.00538618816062808,0.004944921471178532,-0.05870587006211281,0.003346285317093134,0.004611588083207607,-3.3428099754928553e-07,0.15514014725253236,-0.3529861061671559,-0.0008802413940429688,0,11.802609614000175
1790556439324585984,0.6987757086753845,0.6489888429641724,-7.998630523681641,0.2512112259864807,-0.272810697555542,0.00026994096697308123,-0.10519315302371979,-0.09746211022138596,0.00017452239990234375,0.9982485175132751,-0.005293229129165411,0.005045042373239994,-0.05870687589049339,0.0028953689616173506,0.005235929507762194,-3.399476327103912e-07,0.1485639834147933,-0.3558055943756165,-0.0008901596069335937,0,11.85244715800036
1790556439375587072,0.7114502191543579,0.6349493861198425,-7.998614311218262,0.24580428004264832,-0.27772286534309387,0.00026301710749976337,-0.10701634734869003,-0.09530744701623917,0.00026798248291015625,0.9982484579086304,-0.005189663264900446,0.005144665949046612,-0.058707933872938156,0.003125689225271344,0.004861211404204369,-3.436026929648506e-07,0.14151841438577994,-0.3586667241299209,-0.0009006977081298829,0,11.902221413000007
1790556439426588160,0.7238466739654541,0.620662271976471,-7.998598098754883,0.240302175283432,-0.2825262248516083,0.0002517472894396633,-0.10897202789783478,-0.09319107979536057,0.00026416778564453125,0.9982483983039856,-0.005088054575026035,0.005250850692391396,-0.05870901048183441,0.0036062232684344053,0.004422828555107117,-3.4353115552221425e-07,0.13441523369676284,-0.36138820713897557,-0.0009112358093261719,0,11.952120931000081
1790556439474589184,0.7352553009986877,0.6069943904876709,-7.99858283996582,0.23503711819648743,-0.28694596886634827,0.0002402142563369125,-0.11068174242973328,-0.0911295935511589,0.00016880035400390625,0.9982483386993408,-0.004989593755453825,0.005345831625163555,-0.0587100125849247,0.0032041871454566717,0.0050644767470657825,-3.474189327334898e-07,0.1276799250089319,-0.36382107344583775,-0.0009211540222167969,0,12.002048489000117
1790556439525590272,0.7470977306365967,0.5922422409057617,-7.998571395874023,0.2293485850095749,-0.291534960269928,0.0002287470269948244,-0.11256459355354309,-0.08893649280071259,0.00029468536376953125,0.9982482194900513,-0.004883750341832638,0.00544787896797061,-0.058711085468530655,0.003817381337285042,0.004174945410341024,-3.4795107239915524e-07,0.12047319449900201,-0.36626815581411853,-0.0009285926818847657,0,12.052799948000029
1790556439576591360,0.7586477994918823,0.5772590637207031,-7.998563289642334,0.22357071936130524,-0.2960096001625061,0.00022062154312152416,-0.11431833356618881,-0.08669274300336838,0.00031948089599609375,0.9982481598854065,-0.004775587469339371,0.005544932559132576,-0.05871216207742691,0.003937635570764542,0.00422042328864336,-3.4802334880623675e-07,0.11321731177987705,-0.3685724458062048,-0.0009338617324829102,0,12.102123906000088
1790556439624592384,0.7692471742630005,0.5629512071609497,-7.998555660247803,0.21805289387702942,-0.30011487007141113,0.00021336153440643102,-0.11587327718734741,-0.08451636880636215,0.0002536773681640625,0.9982481002807617,-0.004670894704759121,0.005632362328469753,-0.0587131641805172,0.0034843652974814177,0.004860353656113148,-3.4849935559577716e-07,0.10634599055133123,-0.37060974257812584,-0.0009388208389282227,0,12.152182711000023
1790556439675593472,0.7802168130874634,0.5475362539291382,-7.998547554016113,0.21210788190364838,-0.3043624758720398,0.00021120713790878654,-0.11743410676717758,-0.08215827494859695,0.000347137451171875,0.9982481002807617,-0.004556209314614534,0.0057191671803593636,-0.05871422961354256,0.0036974793765693903,0.004426841624081135,-3.5512513818503066e-07,0.09900288478000163,-0.3726341267736779,-0.0009440898895263672,0,12.202886309000405
1790556439726594560,0.7908812165260315,0.5319076180458069,-7.998539447784424,0.20608115196228027,-0.3084908127784729,0.00020516167569439858,-0.1191333681344986,-0.07982756197452545,0.0003452301025390625,0.9982479810714722,-0.004443028941750526,0.005812917836010456,-0.05871531367301941,0.004101191181689501,0.0039638951420784,-3.590095616345934e-07,0.09161897276001527,-0.37451301270558035,-0.0009493589401245117,0,12.252044815000318
1790556439774595584,0.8006356358528137,0.5170087218284607,-7.998531818389893,0.20033448934555054,-0.31226590275764465,0.00019859260646626353,-0.12059591710567474,-0.07758123427629471,0.000255584716796875,0.9982479214668274,-0.0043342579156160355,0.005895906127989292,-0.058716319501399994,0.0038057221099734306,0.004642984364181757,-3.573485969354806e-07,0.084634783695749,-0.3761478535015703,-0.0009543180465698243,0,12.301913040000272
1790556439825596672,0.8106954097747803,0.5009830594062805,-7.998523712158203,0.1941470056772232,-0.3161596953868866,0.00019232110935263336,-0.12221917510032654,-0.07518652826547623,0.0003719329833984375,0.9982478022575378,-0.004217545967549086,0.0059852637350559235,-0.058717407286167145,0.004286768846213818,0.003702436573803425,-3.5607084214461793e-07,0.0771801272437988,-0.3777422945015745,-0.0009595870971679688,0,12.352097155000138
1790556439873597696,0.8198735117912292,0.4857213497161865,-7.998516082763672,0.18825463950634003,-0.3197110593318939,0.0001867305691121146,-0.12358450889587402,-0.07288381457328796,0.00026702880859375,0.9982477426528931,-0.0041055516339838505,0.006063540931791067,-0.05871841311454773,0.004024696070700884,0.004427364561706781,-3.5018592825508676e-07,0.07013462940993846,-0.37910806963918486,-0.0009645462036132813,0,12.401978406000126
1790556439924598784,0.8293135166168213,0.4693220555782318,-7.998507976531982,0.18192259967327118,-0.3233627676963806,0.00018499817815609276,-0.12491144239902496,-0.07039204984903336,0.00034999847412109375,0.9982476830482483,-0.003983429633080959,0.006138881202787161,-0.0587194599211216,0.0041702850721776485,0.0040411874651908875,-3.4763101552925946e-07,0.06262043099553712,-0.380415412552079,-0.0009698152542114258,0,12.452116495000155
1790556439975599872,0.838428795337677,0.4527397155761719,-7.998499870300293,0.17552046477794647,-0.326887845993042,0.0001788725785445422,-0.1263829916715622,-0.06790965795516968,0.00034427642822265625,0.9982476234436035,-0.0038619558326900005,0.006221424788236618,-0.058720558881759644,0.004472279455512762,0.003554862691089511,-3.6026904126629233e-07,0.055079859186114966,-0.38157403704987247,-0.0009750843048095704,0,12.502916741000263
1790556440023600896,0.8467080593109131,0.4369714558124542,-7.998492240905762,0.16943107545375824,-0.3300887644290924,0.000172073210706003,-0.1276283711194992,-0.06553299725055695,0.0002498626708984375,0.998247504234314,-0.003745731431990862,0.006293708924204111,-0.05872156843543053,0.004263362847268581,0.004247365985065699,-3.6016191984344914e-07,0.04796139933120913,-0.3825282434475686,-0.000980043411254883,0,12.552139245000035
1790556440074601984,0.8551827669143677,0.4200524687767029,-7.998484134674072,0.1628958135843277,-0.333364337682724,0.00016955971659626812,-0.12883256375789642,-0.06297244876623154,0.00033664703369140625,0.998247504234314,-0.0036197102162986994,0.006362903397530317,-0.05872263386845589,0.004406671039760113,0.003812480019405484,-3.452967405337404e-07,0.040378179228967706,-0.3833968836107221,-0.0009853124618530273,0,12.602526284000305
1790556440125603072,0.8633226156234741,0.40296974778175354,-7.998476028442383,0.1562969833612442,-0.3365096151828766,0.00016289911582134664,-0.13017532229423523,-0.06041260436177254,0.00033473968505859375,0.9982473850250244,-0.0034939299803227186,0.006439065560698509,-0.05872374027967453,0.004667494911700487,0.003308786079287529,-3.4584095942591375e-07,0.0327773138564456,-0.3841155430140702,-0.000990581512451172,0,12.65202934800027
1790556440173604096,0.8706747889518738,0.3867483139038086,-7.998468399047852,0.15002864599227905,-0.33934974670410156,0.00015567628724966198,-0.13129332661628723,-0.057970792055130005,0.0002422332763671875,0.9982473254203796,-0.003373886924237013,0.006505020894110203,-0.05872476473450661,0.00451649772003293,0.0040057385340332985,-3.472777052593301e-07,0.025610184326767912,-0.3846546373405818,-0.0009955406188964845,0,12.70199743000012
1790556440224605184,0.8781552910804749,0.369366854429245,-7.998460292816162,0.14331001043319702,-0.34223857522010803,0.00015282521781045943,-0.13235785067081451,-0.05534803867340088,0.00033092498779296875,0.9982472658157349,-0.003244259627535939,0.006567227188497782,-0.05872585251927376,0.004642633255571127,0.0035568419843912125,-3.3921085673682683e-07,0.017983813698035825,-0.3850812695598596,-0.0010008096694946289,0,12.751807919000385
1790556440275606272,0.8852916955947876,0.35184144973754883,-7.998452186584473,0.13653495907783508,-0.3449936509132385,0.000145909987622872,-0.13355860114097595,-0.05271703004837036,0.00032901763916015625,0.9982471466064453,-0.0031144539825618267,0.0066363075748085976,-0.058726951479911804,0.004853611811995506,0.00304000498726964,-3.4250840030836116e-07,0.010348747867452254,-0.38535711726713084,-0.0010060787200927735,0,12.802415079000184
1790556440323607296,0.8916914463043213,0.33522161841392517,-7.998444557189941,0.13010749220848083,-0.34746357798576355,0.0001384911738568917,-0.13453951478004456,-0.050216421484947205,0.00023937225341796875,0.9982470870018005,-0.002990878187119961,0.006695406511425972,-0.05872798711061478,0.004758339375257492,0.003739303210750222,-3.39807030513839e-07,0.003157565409517435,-0.385478878084474,-0.001011037826538086,0,12.852151931000208
1790556440374608384,0.8981517553329468,0.3174365162849426,-7.998436450958252,0.12322705239057541,-0.3499559760093689,0.00013548274000640959,-0.13545578718185425,-0.04753909260034561,0.0003299713134765625,0.9982470870018005,-0.00285799871198833,0.006750158965587616,-0.05872907489538193,0.004864972550421953,0.0032801537308841944,-3.328770787902613e-07,-0.004485630130404428,-0.38546172582715693,-0.0010163068771362304,0,12.90210171400031
1790556440425609472,0.904259979724884,0.29952767491340637,-7.9984283447265625,0.11629780381917953,-0.35231176018714905,0.00012845451419707388,-0.13650639355182648,-0.044844985008239746,0.00032901763916015625,0.998246967792511,-0.0027245411183685064,0.006811715196818113,-0.05873018503189087,0.005027357023209333,0.002753441920503974,-3.30472857967834e-07,-0.012128591369094124,-0.3852934517985416,-0.001021575927734375,0,12.95245943000009
1790556440473610496,0.9096848964691162,0.2825656831264496,-7.998420715332031,0.1097322627902031,-0.35440313816070557,0.00012094990961486474,-0.13734376430511475,-0.04229235649108887,0.00023746490478515625,0.9982468485832214,-0.0025977492332458496,0.006863594055175781,-0.058731209486722946,0.004986539017409086,0.0034544244408607483,-3.1572332659379754e-07,-0.019318913427696954,-0.38499714740577495,-0.0010265350341796876,0,13.002294178000284
1790556440524611584,0.915102481842041,0.26443690061569214,-7.998412609100342,0.10271268337965012,-0.35649070143699646,0.00011786566028604284,-0.13810588419437408,-0.039567798376083374,0.00032711029052734375,0.9982468485832214,-0.0024619647301733494,0.006910563912242651,-0.0587322972714901,0.005072466563433409,0.0029872749000787735,-3.048079690870509e-07,-0.02695253469372432,-0.38453578943030176,-0.001031804084777832,0,13.052622531999987
1790556440575612672,0.9201611280441284,0.2462051808834076,-7.998404502868652,0.09565220773220062,-0.3584390878677368,0.00011076157534262165,-0.13900063931941986,-0.03681899979710579,0.00032711029052734375,0.9982467293739319,-0.00232526077888906,0.006964271422475576,-0.05873338505625725,0.005182325374335051,0.0024536089040338993,-3.0517551863340486e-07,-0.03457694799229489,-0.38392360112309704,-0.0010370731353759766,0,13.102404026000386
1790556440623613696,0.9245923757553101,0.22895832359790802,-7.998396873474121,0.08897043764591217,-0.36014482378959656,0.00010321546869818121,-0.1396898478269577,-0.03422350808978081,0.0002384185791015625,0.9982466101646423,-0.002195691457018256,0.007008660584688187,-0.05873442068696022,0.0052005634643137455,0.0031538400799036026,-2.9637052989528456e-07,-0.04174166122675878,-0.38320985529685075,-0.0010420322418212891,0,13.151768642000206
1790556440674614784,0.9289481043815613,0.21054719388484955,-7.998388767242432,0.08183516561985016,-0.3618204891681671,0.0001001326454570517,-0.14029370248317719,-0.031461603939533234,0.00032901763916015625,0.9982466101646423,-0.002057484583929181,0.007047603838145733,-0.058735501021146774,0.005265267100185156,0.0026815030723810196,-2.893023349770374e-07,-0.04933923683840956,-0.3823055150855507,-0.0010473012924194336,0,13.202182725000057
1790556440725615872,0.9329391121864319,0.19205421209335327,-7.998380661010742,0.07466712594032288,-0.3633548319339752,9.30443056859076e-05,-0.14102809131145477,-0.02866716869175434,0.00032806396484375,0.9982464909553528,-0.0019179731607437134,0.007093199994415045,-0.05873657763004303,0.005322920624166727,0.002142771612852812,-2.880613010347588e-07,-0.05691856333086153,-0.3812511064335417,-0.0010525703430175782,0,13.251881632000277
1790556440773616896,0.9363607168197632,0.17458078265190125,-7.998373031616211,0.06789158284664154,-0.3646691143512726,8.552394865546376e-05,-0.14156579971313477,-0.026037121191620827,0.00023937225341796875,0.9982463717460632,-0.0017860352527350187,0.0071298894472420216,-0.058737605810165405,0.005396989174187183,0.002840301487594843,-2.7625546294984815e-07,-0.06403266198454091,-0.38012198466174235,-0.0010575294494628907,0,13.302057227000205
1790556440824617984,0.9396389722824097,0.15594959259033203,-7.9983649253845215,0.06066467985510826,-0.3659270107746124,8.247832738561556e-05,-0.1420082002878189,-0.023246079683303833,0.0003299713134765625,0.9982463717460632,-0.0016458031022921205,0.007160610985010862,-0.05873867869377136,0.005442110821604729,0.00236396212130785,-2.551532816141844e-07,-0.07156777375286832,-0.3787773911082159,-0.0010627985000610351,0,13.353243745000327
1790556440875619072,0.9425481557846069,0.1372578889131546,-7.998360633850098,0.053414881229400635,-0.3670421242713928,7.540431397501379e-05,-0.14251869916915894,-0.02042166329920292,0.00032901763916015625,0.9982462525367737,-0.0015039017889648676,0.007197886239737272,-0.05873975530266762,0.005447153467684984,0.0018229514826089144,-2.515495509669563e-07,-0.07907577825395333,-0.3772839862608347,-0.0010655879974365236,0,13.402002600000287
1790556440923620096,0.9449480175971985,0.11961697787046432,-7.998359680175781,0.046571195125579834,-0.36796051263809204,6.91385503159836e-05,-0.1429104059934616,-0.017764564603567123,0.00026798248291015625,0.9982461929321289,-0.0013700161362066865,0.007226737681776285,-0.05874078720808029,0.005576686933636665,0.002517406828701496,-2.443564426357625e-07,-0.0861147077765898,-0.37574298725606137,-0.0010662078857421875,0,13.451970670000264
1790556440974621184,0.9471372365951538,0.10082866251468658,-7.998359680175781,0.03927958384156227,-0.3687964975833893,6.922722968738526e-05,-0.14319802820682526,-0.014953415840864182,0.00039005279541015625,0.9982461333274841,-0.0012282615061849356,0.007249162532389164,-0.05874186009168625,0.005600140430033207,0.002040255581960082,-2.3101291901639343e-07,-0.09356139491225063,-0.37396230497343297,-0.0010662078857421875,0,13.502379383000061
1790556441025622272,0.9489542245864868,0.08200137317180634,-7.998359680175781,0.03197144344449043,-0.3694882392883301,6.692835449939594e-05,-0.1436108648777008,-0.012093593366444111,0.000408172607421875,0.9982460737228394,-0.0010844498174265027,0.00727804284542799,-0.0587429441511631,0.0055533950217068195,0.0014983881264925003,-2.2876024274864903e-07,-0.10097216524427073,-0.37203457294705766,-0.0010662078857421875,0,13.551818096000261
1790556441073623296,0.9503235220909119,0.0642525926232338,-7.998359680175781,0.02507895976305008,-0.37000706791877747,6.450789078371599e-05,-0.1438460350036621,-0.009419438429176807,0.0003299713134765625,0.9982459545135498,-0.0009490525117143989,0.007298941258341074,-0.05874396115541458,0.0057375747710466385,0.0021836808882653713,-2.1468105160238338e-07,-0.10791149182366117,-0.3700865686081079,-0.0010662078857421875,0,13.602456660000371
1790556441124624384,0.951415479183197,0.04537075757980347,-7.998359680175781,0.017743762582540512,-0.37041768431663513,6.688258145004511e-05,-0.1439674347639084,-0.006598504260182381,0.0004215240478515625,0.9982459545135498,-0.0008062243578024209,0.00731290690600872,-0.05874503776431084,0.005738113075494766,0.0017052671173587441,-1.9681095864143572e-07,-0.11524384897209557,-0.3678755378617869,-0.0010662078857421875,0,13.65224005400023
1790556441175625472,0.9521331191062927,0.026471655815839767,-7.998359680175781,0.010400588624179363,-0.3706834018230438,6.557648157468066e-05,-0.1442101001739502,-0.0037213743198662996,0.00042057037353515625,0.9982458353042603,-0.0006609876290895045,0.0073331622406840324,-0.05874612182378769,0.005639873910695314,0.0011636004783213139,-1.9835519537991786e-07,-0.12253147396480028,-0.36551974330444276,-0.0010662078857421875,0,13.7017854300002
1790556441223626496,0.9524663090705872,0.008675147779285908,-7.998359680175781,0.003483016276732087,-0.37080082297325134,6.354082870529965e-05,-0.14428561925888062,-0.001039199298247695,0.000335693359375,0.9982457756996155,-0.000524521863553673,0.007345929276198149,-0.058747150003910065,0.005882365629076958,0.0018387353047728539,-1.909457125748304e-07,-0.12934694834920826,-0.3631710997829401,-0.0010662078857421875,0,13.751807764000205
1790556441274627584,0.9524562954902649,-0.01023625023663044,-7.998359680175781,-0.0038751678075641394,-0.370782732963562,6.222760566743091e-05,-0.14441873133182526,0.001843281788751483,0.0004520416259765625,0.9982456564903259,-0.0003788421454373747,0.007359941489994526,-0.05874820426106453,0.005671873223036528,0.0008139402489177883,-1.7567188592693128e-07,-0.13653931198676245,-0.36053695036627315,-0.0010662078857421875,0,13.802234197000416
1790556441325628672,0.952070951461792,-0.02914303168654442,-7.998359680175781,-0.011232948862016201,-0.3706197738647461,6.268681318033487e-05,-0.14440101385116577,0.004703966900706291,0.00045108795166015625,0.9982455372810364,-0.00023334829893428832,0.007367691490799189,-0.05874926224350929,0.005669611971825361,0.0008273060666397214,-1.6479360454013658e-07,-0.1436781477594934,-0.3577608932566558,-0.0010662078857421875,0,13.851904125000146
1790556441373629696,0.95136559009552,-0.04692680016160011,-7.998359680175781,-0.018155107274651527,-0.3703339993953705,6.164680235087872e-05,-0.14427664875984192,0.007368297316133976,0.000354766845703125,0.9982455372810364,-9.695091284811497e-05,0.007370125502347946,-0.05875026062130928,0.006015484686940908,0.0014717341400682926,-1.5466117986306926e-07,-0.1503456594937245,-0.35501944947201997,-0.0010662078857421875,0,13.902116902000216
1790556441424630784,0.9502521753311157,-0.06580350548028946,-7.998359680175781,-0.02550356276333332,-0.36988985538482666,6.498139555333182e-05,-0.14404179155826569,0.01017218828201294,0.00043582916259765625,0.9982454776763916,4.6225082769524306e-05,0.007365860510617495,-0.05875131115317345,0.005968526937067509,0.0009692636085674167,-1.3733614423472318e-07,-0.15737253009882135,-0.35197098401534227,-0.0010662078857421875,0,13.951813077000224
1790556441472631808,0.9488621354103088,-0.08354589343070984,-7.998359680175781,-0.032409846782684326,-0.36934012174606323,6.317604857031256e-05,-0.14390555024147034,0.01286380272358656,0.00033283233642578125,0.9982454180717468,0.00018369959434494376,0.007367090787738562,-0.058752309530973434,0.006067377980798483,0.0010921572102233768,-1.1925445164706616e-07,-0.1639296692464362,-0.3489751483788556,-0.0010662078857421875,0,14.002169500000036
